{"project":{"vr":false,"lightIntensity":0.6,"lightHeight":1000,"lightRadius":1000,"lightPosition":310,"shadowDarkness":0.3,"ambient":0.5},"camera":{"metadata":{"version":4.4,"type":"Object","generator":"Object3D.toJSON"},"object":{"uuid":"EB66CC80-DF01-44C8-8B41-ADEA26016C6E","type":"PerspectiveCamera","matrix":[0.26012757420539856,3.504492473993537e-9,-0.9655742645263672,0,-0.43837523460388184,0.8909993171691895,-0.11809913069009781,0,0.8603259921073914,0.4540046751499176,0.2317734807729721,0,447.03851318359375,235.90774536132812,120.43303680419922,1],"zoom":1,"fov":35,"aspect":1.5923379174852652,"near":4,"far":10000},"controlsCenter":{"x":0,"y":0,"z":0}},"stage":{"metadata":{"version":4.3,"type":"Object","generator":"ObjectExporter"},"geometries":[{"uuid":"BFBE648B-460C-4E2B-8568-7321C9FE4F31","type":"Geometry","data":{"vertices":[-10.355337721290377,-10.355337721290377,-24.999998230487233,10.355337721290377,-10.355337721290377,-24.999998230487233,10.355337721290377,-10.355337721290377,-24.999998230487233,10.355337721290377,10.355337721290377,-24.999998230487233,10.355337721290377,10.355337721290377,-24.999998230487233,-10.355337721290377,10.355337721290377,-24.999998230487233,-10.355337721290377,10.355337721290377,-24.999998230487233,-10.355337721290377,-10.355337721290377,-24.999998230487233,-2071.07120904502,-2071.07120904502,-5000.008493676309,2071.07120904502,-2071.07120904502,-5000.008493676309,2071.07120904502,-2071.07120904502,-5000.008493676309,2071.07120904502,2071.07120904502,-5000.008493676309,2071.07120904502,2071.07120904502,-5000.008493676309,-2071.07120904502,2071.07120904502,-5000.008493676309,-2071.07120904502,2071.07120904502,-5000.008493676309,-2071.07120904502,-2071.07120904502,-5000.008493676309,-10.355337721290377,-10.355337721290377,-24.999998230487233,-2071.07120904502,-2071.07120904502,-5000.008493676309,10.355337721290377,-10.355337721290377,-24.999998230487233,2071.07120904502,-2071.07120904502,-5000.008493676309,-10.355337721290377,10.355337721290377,-24.999998230487233,-2071.07120904502,2071.07120904502,-5000.008493676309,10.355337721290377,10.355337721290377,-24.999998230487233,2071.07120904502,2071.07120904502,-5000.008493676309,0,0,0,-10.355337721290377,-10.355337721290377,-24.999998230487233,0,0,0,10.355337721290377,-10.355337721290377,-24.999998230487233,0,0,0,-10.355337721290377,10.355337721290377,-24.999998230487233,0,0,0,10.355337721290377,10.355337721290377,-24.999998230487233,7.248736404903264,11.390871493419416,-24.999998230487233,-7.248736404903264,11.390871493419416,-24.999998230487233,-7.248736404903264,11.390871493419416,-24.999998230487233,0,20.710675442580754,-24.999998230487233,0,20.710675442580754,-24.999998230487233,7.248736404903264,11.390871493419416,-24.999998230487233,0,0,-24.999998230487233,0,0,-5000.008493676309,0,0,0,0,0,-24.999998230487233,-10.355337721290377,0,-24.999998230487233,10.355337721290377,0,-24.999998230487233,0,-10.355337721290377,-24.999998230487233,0,10.355337721290377,-24.999998230487233,-2071.07120904502,0,-5000.008493676309,2071.07120904502,0,-5000.008493676309,0,-2071.07120904502,-5000.008493676309,0,2071.07120904502,-5000.008493676309],"normals":[],"faces":[]}},{"uuid":"47679C51-3748-455B-A223-C5333BE244DF","type":"PlaneBufferGeometry","width":10000,"height":10000},{"uuid":"5B25BF7E-4937-47B6-8A3F-E7C8F8B9E293","type":"BoxGeometry","width":297,"height":210,"depth":0.2,"widthSegments":450,"heightSegments":1,"depthSegments":1},{"uuid":"B19E9E38-1BB7-4B68-9B40-D07583B17CE3","type":"BoxGeometry","width":297,"height":210,"depth":0.2,"widthSegments":300,"heightSegments":1,"depthSegments":1}],"materials":[{"uuid":"4BD9D3AB-E303-4F4B-B9D3-37AA4D0F0E56","type":"LineBasicMaterial","color":16777215,"vertexColors":1},{"uuid":"E71CE835-83B4-4BB6-99CB-65AB1F3A463E","type":"MeshPhongMaterial","color":16777215,"emissive":0,"specular":1118481,"shininess":3},{"uuid":"A424D4AF-71E4-43B3-ADEA-C58C8E836002","type":"MultiMaterial","materials":[{"metadata":{"version":4.4,"type":"Material","generator":"Material.toJSON"},"uuid":"1170C210-8E7B-4F58-B095-A2FFBA35AA7D","type":"MeshPhongMaterial","color":16777215,"emissive":0,"specular":1118481,"shininess":15},{"metadata":{"version":4.4,"type":"Material","generator":"Material.toJSON"},"uuid":"1170C210-8E7B-4F58-B095-A2FFBA35AA7D","type":"MeshPhongMaterial","color":16777215,"emissive":0,"specular":1118481,"shininess":15},{"metadata":{"version":4.4,"type":"Material","generator":"Material.toJSON"},"uuid":"1170C210-8E7B-4F58-B095-A2FFBA35AA7D","type":"MeshPhongMaterial","color":16777215,"emissive":0,"specular":1118481,"shininess":15},{"metadata":{"version":4.4,"type":"Material","generator":"Material.toJSON"},"uuid":"1170C210-8E7B-4F58-B095-A2FFBA35AA7D","type":"MeshPhongMaterial","color":16777215,"emissive":0,"specular":1118481,"shininess":15},{"metadata":{"version":4.4,"type":"Material","generator":"Material.toJSON"},"uuid":"AD1C7BCB-34A4-46B3-81B6-DEFD05650B1B","type":"MeshPhongMaterial","color":16777215,"emissive":0,"specular":1118481,"shininess":15},{"metadata":{"version":4.4,"type":"Material","generator":"Material.toJSON"},"uuid":"73CFDCB6-CC86-4F64-885C-6AC67CB2D28C","type":"MeshPhongMaterial","color":16777215,"emissive":0,"specular":1118481,"shininess":15}],"visible":true},{"uuid":"FBE731B3-F797-4FC5-94D2-FB7F9EC8326B","type":"MultiMaterial","materials":[{"metadata":{"version":4.4,"type":"Material","generator":"Material.toJSON"},"uuid":"A366A523-290F-4BD3-9369-B0C075A4C78D","type":"MeshPhongMaterial","color":16777215,"emissive":0,"specular":1118481,"shininess":15},{"metadata":{"version":4.4,"type":"Material","generator":"Material.toJSON"},"uuid":"A366A523-290F-4BD3-9369-B0C075A4C78D","type":"MeshPhongMaterial","color":16777215,"emissive":0,"specular":1118481,"shininess":15},{"metadata":{"version":4.4,"type":"Material","generator":"Material.toJSON"},"uuid":"A366A523-290F-4BD3-9369-B0C075A4C78D","type":"MeshPhongMaterial","color":16777215,"emissive":0,"specular":1118481,"shininess":15},{"metadata":{"version":4.4,"type":"Material","generator":"Material.toJSON"},"uuid":"A366A523-290F-4BD3-9369-B0C075A4C78D","type":"MeshPhongMaterial","color":16777215,"emissive":0,"specular":1118481,"shininess":15},{"metadata":{"version":4.4,"type":"Material","generator":"Material.toJSON"},"uuid":"35A3503F-B765-451A-8CC4-769B1EE8A616","type":"MeshPhongMaterial","color":16777215,"emissive":0,"specular":1118481,"shininess":15},{"metadata":{"version":4.4,"type":"Material","generator":"Material.toJSON"},"uuid":"E7C3BF5D-BFA7-4CBA-A656-3D7506FC98DC","type":"MeshPhongMaterial","color":16777215,"emissive":0,"specular":1118481,"shininess":15}],"visible":true}],"object":{"uuid":"752FB5AB-CD33-4D04-9F21-D1A3DFB66638","type":"Stage","height":916,"width":783,"matrix":[1,0,0,0,0,1,0,0,0,0,1,0,0,0,0,1],"children":[{"uuid":"9841F7C5-CB3A-4797-935D-4C8D1F2F154B","type":"AmbientLight","color":8355711,"matrix":[1,0,0,0,0,1,0,0,0,0,1,0,0,0,0,1]},{"uuid":"F7CAE2A5-756E-4675-A3A3-1C50C226A7E3","type":"SpotLight","radius":1000,"color":16777215,"intensity":0.6,"distance":5000,"angle":1.0471975511965976,"exponent":10,"decay":1,"matrix":[0.7660444378852844,-2.4851580793239236e-9,0.6427876353263855,0,-0.45451948046684265,0.7071067690849304,0.5416752099990845,0,-0.45451948046684265,-0.7071067690849304,0.5416752099990845,0,642.78759765625,1000,-766.04443359375,1]},{"uuid":"9339F892-3531-48B5-8595-5A34A6B75B90","type":"LineSegments","visible":false,"geometry":"BFBE648B-460C-4E2B-8568-7321C9FE4F31","material":"4BD9D3AB-E303-4F4B-B9D3-37AA4D0F0E56","matrix":[-0.7660444378852844,2.4851583013685286e-9,-0.6427876353263855,0,-0.45451948046684265,0.7071067690849304,0.5416752099990845,0,0.45451948046684265,0.7071067690849304,-0.5416752099990845,0,642.78759765625,1000,-766.04443359375,1]},{"uuid":"E40428AC-69C7-4749-80BB-14A7D1B7F0B0","type":"Ground","height":10000,"width":10000,"depth":0.2,"segments":150,"folds":1,"shininess":3,"bumpScale":0.30000000000000004,"stiffness":0.02,"heightScale":1,