{"project":{"vr":false,"lightIntensity":0.6,"lightHeight":1000,"lightRadius":1000,"lightPosition":310,"shadowDarkness":0.3,"ambient":0.5},"camera":{"metadata":{"version":4.4,"type":"Object","generator":"Object3D.toJSON"},"object":{"uuid":"28663EE3-31BC-4E08-AA1B-BF2C58FA7446","type":"PerspectiveCamera","matrix":[0.9754034876823425,-3.77799258544087e-9,0.22042706608772278,0,0.18448252975940704,0.547306478023529,-0.8163466453552246,0,-0.12064116448163986,0.8369322419166565,0.5338446497917175,0,-69.58208465576172,519.8516845703125,283.85858154296875,1],"zoom":1,"fov":35,"aspect":0.7195530726256983,"near":4,"far":10000},"controlsCenter":{"x":7.381090716849503,"y":-14.070279056617009,"z":-56.708230745988175}},"stage":{"metadata":{"version":4.3,"type":"Object","generator":"ObjectExporter"},"geometries":[{"uuid":"FBC79710-FDB2-4D3E-B5F6-25B066CE3F40","type":"Geometry","data":{"vertices":[-10.355337721290377,-10.355337721290377,-24.999998230487233,10.355337721290377,-10.355337721290377,-24.999998230487233,10.355337721290377,-10.355337721290377,-24.999998230487233,10.355337721290377,10.355337721290377,-24.999998230487233,10.355337721290377,10.355337721290377,-24.999998230487233,-10.355337721290377,10.355337721290377,-24.999998230487233,-10.355337721290377,10.355337721290377,-24.999998230487233,-10.355337721290377,-10.355337721290377,-24.999998230487233,-2071.07120904502,-2071.07120904502,-5000.008493676309,2071.07120904502,-2071.07120904502,-5000.008493676309,2071.07120904502,-2071.07120904502,-5000.008493676309,2071.07120904502,2071.07120904502,-5000.008493676309,2071.07120904502,2071.07120904502,-5000.008493676309,-2071.07120904502,2071.07120904502,-5000.008493676309,-2071.07120904502,2071.07120904502,-5000.008493676309,-2071.07120904502,-2071.07120904502,-5000.008493676309,-10.355337721290377,-10.355337721290377,-24.999998230487233,-2071.07120904502,-2071.07120904502,-5000.008493676309,10.355337721290377,-10.355337721290377,-24.999998230487233,2071.07120904502,-2071.07120904502,-5000.008493676309,-10.355337721290377,10.355337721290377,-24.999998230487233,-2071.07120904502,2071.07120904502,-5000.008493676309,10.355337721290377,10.355337721290377,-24.999998230487233,2071.07120904502,2071.07120904502,-5000.008493676309,0,0,0,-10.355337721290377,-10.355337721290377,-24.999998230487233,0,0,0,10.355337721290377,-10.355337721290377,-24.999998230487233,0,0,0,-10.355337721290377,10.355337721290377,-24.999998230487233,0,0,0,10.355337721290377,10.355337721290377,-24.999998230487233,7.248736404903264,11.390871493419416,-24.999998230487233,-7.248736404903264,11.390871493419416,-24.999998230487233,-7.248736404903264,11.390871493419416,-24.999998230487233,0,20.710675442580754,-24.999998230487233,0,20.710675442580754,-24.999998230487233,7.248736404903264,11.390871493419416,-24.999998230487233,0,0,-24.999998230487233,0,0,-5000.008493676309,0,0,0,0,0,-24.999998230487233,-10.355337721290377,0,-24.999998230487233,10.355337721290377,0,-24.999998230487233,0,-10.355337721290377,-24.999998230487233,0,10.355337721290377,-24.999998230487233,-2071.07120904502,0,-5000.008493676309,2071.07120904502,0,-5000.008493676309,0,-2071.07120904502,-5000.008493676309,0,2071.07120904502,-5000.008493676309],"normals":[],"faces":[]}},{"uuid":"F6772D60-8371-4497-B38F-F584493473F7","type":"PlaneBufferGeometry","width":10000,"height":10000},{"uuid":"266B0016-8E70-49CE-A1B5-697C5F4CE28D","type":"BoxGeometry","width":210,"height":145,"depth":0.2,"widthSegments":1,"heightSegments":1,"depthSegments":1},{"uuid":"0C2A22B9-6CF6-4C7B-943E-FA5B1B952B62","type":"BoxGeometry","width":210,"height":145,"depth":0.2,"widthSegments":1,"heightSegments":1,"depthSegments":1}],"materials":[{"uuid":"8F3B1C6F-D401-4115-91DC-5280CDDD4A64","type":"LineBasicMaterial","color":16777215,"vertexColors":1},{"uuid":"3BCFFF14-889A-48C7-9162-BE794733E5D6","type":"MeshPhongMaterial","color":16777215,"emissive":0,"specular":1118481,"shininess":15},{"uuid":"5F51BFC9-87CD-4B1A-9AE2-41C1D58FDD6B","type":"MultiMaterial","materials":[{"metadata":{"version":4.4,"type":"Material","generator":"Material.toJSON"},"uuid":"4F72214C-F7C0-4C5C-BD1D-AAB306C9C58C","type":"MeshPhongMaterial","color":16777215,"emissive":0,"specular":1118481,"shininess":15},{"metadata":{"version":4.4,"type":"Material","generator":"Material.toJSON"},"uuid":"4F72214C-F7C0-4C5C-BD1D-AAB306C9C58C","type":"MeshPhongMaterial","color":16777215,"emissive":0,"specular":1118481,"shininess":15},{"metadata":{"version":4.4,"type":"Material","generator":"Material.toJSON"},"uuid":"4F72214C-F7C0-4C5C-BD1D-AAB306C9C58C","type":"MeshPhongMaterial","color":16777215,"emissive":0,"specular":1118481,"shininess":15},{"metadata":{"version":4.4,"type":"Material","generator":"Material.toJSON"},"uuid":"4F72214C-F7C0-4C5C-BD1D-AAB306C9C58C","type":"MeshPhongMaterial","color":16777215,"emissive":0,"specular":1118481,"shininess":15},{"metadata":{"version":4.4,"type":"Material","generator":"Material.toJSON"},"uuid":"27383067-0C0E-4DDA-9329-ED2892877ABD","type":"MeshPhongMaterial","color":16777215,"emissive":0,"specular":1118481,"shininess":15},{"metadata":{"version":4.4,"type":"Material","generator":"Material.toJSON"},"uuid":"72F87690-8C6A-4278-BEC6-3B44795CD0E3","type":"MeshPhongMaterial","color":16777215,"emissive":0,"specular":1118481,"shininess":15}],"visible":true}],"object":{"uuid":"752FB5AB-CD33-4D04-9F21-D1A3DFB66638","type":"Stage","height":872,"width":1252,"matrix":[1,0,0,0,0,1,0,0,0,0,1,0,0,0,0,1],"children":[{"uuid":"57862A48-007C-457D-A24A-660D49ABD4B1","type":"AmbientLight","color":8355711,"matrix":[1,0,0,0,0,1,0,0,0,0,1,0,0,0,0,1]},{"uuid":"6A9EBC18-1F31-48E2-A401-846CBA36B5D4","type":"SpotLight","radius":1000,"color":16777215,"intensity":0.6,"distance":5000,"angle":1.0471975511965976,"exponent":10,"decay":1,"matrix":[0.7660444378852844,-2.4851580793239236e-9,0.6427876353263855,0,-0.45451948046684265,0.7071067690849304,0.5416752099990845,0,-0.45451948046684265,-0.7071067690849304,0.5416752099990845,0,642.78759765625,1000,-766.04443359375,1]},{"uuid":"33748154-7B84-4C31-BB03-32CA8CA495D5","type":"LineSegments","visible":false,"geometry":"FBC79710-FDB2-4D3E-B5F6-25B066CE3F40","material":"8F3B1C6F-D401-4115-91DC-5280CDDD4A64","matrix":[-0.7660444378852844,2.4851583013685286e-9,-0.6427876353263855,0,-0.45451948046684265,0.7071067690849304,0.5416752099990845,0,0.45451948046684265,0.7071067690849304,-0.5416752099990845,0,642.78759765625,1000,-766.04443359375,1]},{"uuid":"E40428AC-69C7-4749-80BB-14A7D1B7F0B0","type":"Ground","height":10000,"width":10000,"depth":0.2,"segments":150,"folds":1,"shininess":15,"bumpScale":0.1,"stiffness":0.02,"heightScale":1,"widthScale":1,"frontImage":"textures/1442582408000.887516","textureRepeat":20,"geometry":"F6772D60-8371-4497-B38F-F584493473F7","material":"3BCFFF14-889A-48C7-9162-BE794733E5D6","matrix":[1,0,0,0,0,2.220446049250313e-16,-1,0,0,1,2.220446049250313e-16,0,0,-1,0,1]},{"uuid":"CB14AE67-0EFE-49C8-86CE-1A7DD124EFB6","type":"Flyer","subType":"menua5land","height":145,"width":210,"depth":0.2,"segments":1,"folds":1,"angles":[],"shininess":15,"bumpScale":1,"stiffness":0.02,"heightScale":1,"widthScale":1,"frontImage":"textures/1365746592252.96845","backImage":"textures/1365746800536.258634","geometry":"266B0016-8E70-49CE-A1B5-697C5F4CE28D","material":"5F51BFC9-87CD-4B1A-9AE2-41C1D58FDD6B","matrix":[1,0,0,0,0,2.220446049250313e-16,-1,0,0,1,2.220446049250313e-16,0,0,0,0,1]},{"uuid":"C63FF8F3-ABAF-4E67-AF10-C6C577643127","type":"Flyer","subType":"menua5land","height":145,"width":210,"depth":0.2,"segments":1,"folds":1,"angles":[],"shininess":15,"bumpScale":1,"stiffness":0.02,"heightScale":1,"widthScale":1,"frontImage":"textures/1365746592252.96845","backImage":"textures/1365746800536.258634","cloneParent":"CB14AE67-0EFE-49C8-86CE-1A7DD124EFB6","geometry":"0C2A22B9-6CF6-4C7B-943E-FA5B1B952B62","material":"5F51BFC9-87CD-4B1A-9AE2-41C1D58FDD6B",