{"project":{"vr":false,"lightIntensity":0.6,"lightHeight":1000,"lightRadius":1000,"lightPosition":61,"shadowDarkness":0.32,"ambient":0.5},"camera":{"metadata":{"version":4.4,"type":"Object","generator":"Object3D.toJSON"},"object":{"uuid":"AC047742-C2BC-4C6B-B24B-404A4087C080","type":"PerspectiveCamera","matrix":[0.9816271662712097,6.453430151376338e-11,0.1908089965581894,0,0.08027573674917221,0.9071940183639526,-0.41298285126686096,0,-0.1731007844209671,0.42071253061294556,0.890526294708252,0,-90.96528625488281,300.222412109375,493.64068603515625,1],"zoom":1,"fov":35,"aspect":1.6963350785340314,"near":4,"far":10000},"controlsCenter":{"x":13.94307169196901,"y":45.24805915174237,"z":-46.06601411279992}},"stage":{"metadata":{"version":4.3,"type":"Object","generator":"ObjectExporter"},"geometries":[{"uuid":"3F7F7D13-D8A0-47DB-B53F-8AFFDD684E00","type":"Geometry","data":{"vertices":[-10.355337721290377,-10.355337721290377,-24.999998230487233,10.355337721290377,-10.355337721290377,-24.999998230487233,10.355337721290377,-10.355337721290377,-24.999998230487233,10.355337721290377,10.355337721290377,-24.999998230487233,10.355337721290377,10.355337721290377,-24.999998230487233,-10.355337721290377,10.355337721290377,-24.999998230487233,-10.355337721290377,10.355337721290377,-24.999998230487233,-10.355337721290377,-10.355337721290377,-24.999998230487233,-2071.07120904502,-2071.07120904502,-5000.008493676309,2071.07120904502,-2071.07120904502,-5000.008493676309,2071.07120904502,-2071.07120904502,-5000.008493676309,2071.07120904502,2071.07120904502,-5000.008493676309,2071.07120904502,2071.07120904502,-5000.008493676309,-2071.07120904502,2071.07120904502,-5000.008493676309,-2071.07120904502,2071.07120904502,-5000.008493676309,-2071.07120904502,-2071.07120904502,-5000.008493676309,-10.355337721290377,-10.355337721290377,-24.999998230487233,-2071.07120904502,-2071.07120904502,-5000.008493676309,10.355337721290377,-10.355337721290377,-24.999998230487233,2071.07120904502,-2071.07120904502,-5000.008493676309,-10.355337721290377,10.355337721290377,-24.999998230487233,-2071.07120904502,2071.07120904502,-5000.008493676309,10.355337721290377,10.355337721290377,-24.999998230487233,2071.07120904502,2071.07120904502,-5000.008493676309,0,0,0,-10.355337721290377,-10.355337721290377,-24.999998230487233,0,0,0,10.355337721290377,-10.355337721290377,-24.999998230487233,0,0,0,-10.355337721290377,10.355337721290377,-24.999998230487233,0,0,0,10.355337721290377,10.355337721290377,-24.999998230487233,7.248736404903264,11.390871493419416,-24.999998230487233,-7.248736404903264,11.390871493419416,-24.999998230487233,-7.248736404903264,11.390871493419416,-24.999998230487233,0,20.710675442580754,-24.999998230487233,0,20.710675442580754,-24.999998230487233,7.248736404903264,11.390871493419416,-24.999998230487233,0,0,-24.999998230487233,0,0,-5000.008493676309,0,0,0,0,0,-24.999998230487233,-10.355337721290377,0,-24.999998230487233,10.355337721290377,0,-24.999998230487233,0,-10.355337721290377,-24.999998230487233,0,10.355337721290377,-24.999998230487233,-2071.07120904502,0,-5000.008493676309,2071.07120904502,0,-5000.008493676309,0,-2071.07120904502,-5000.008493676309,0,2071.07120904502,-5000.008493676309],"normals":[],"faces":[]}},{"uuid":"D9ADBC95-90E5-4F43-B514-494AFB27678F","type":"PlaneBufferGeometry","width":10000,"height":10000},{"uuid":"FDF60E35-837D-478B-857F-36C5A7665B58","type":"BoxGeometry","width":297,"height":210,"depth":0.2,"widthSegments":300,"heightSegments":1,"depthSegments":1},{"uuid":"B16C380A-8A80-468E-B56A-DC3A0FB278AB","type":"BoxGeometry","width":297,"height":210,"depth":0.2,"widthSegments":300,"heightSegments":1,"depthSegments":1}],"materials":[{"uuid":"9EB1EBDF-2F9B-436E-9AE3-6364AD12F39D","type":"LineBasicMaterial","color":16777215,"vertexColors":1},{"uuid":"6C369723-6842-42DD-8D57-95682A9CEF99","type":"MeshPhongMaterial","color":16777215,"emissive":0,"specular":1118481,"shininess":15},{"uuid":"BCBD9533-5E2A-4257-882C-7F258B41FB4D","type":"MultiMaterial","materials":[{"metadata":{"version":4.4,"type":"Material","generator":"Material.toJSON"},"uuid":"194A9C54-D072-4FA8-991D-65C814B4CF9A","type":"MeshPhongMaterial","color":16777215,"emissive":0,"specular":1118481,"shininess":15},{"metadata":{"version":4.4,"type":"Material","generator":"Material.toJSON"},"uuid":"194A9C54-D072-4FA8-991D-65C814B4CF9A","type":"MeshPhongMaterial","color":16777215,"emissive":0,"specular":1118481,"shininess":15},{"metadata":{"version":4.4,"type":"Material","generator":"Material.toJSON"},"uuid":"194A9C54-D072-4FA8-991D-65C814B4CF9A","type":"MeshPhongMaterial","color":16777215,"emissive":0,"specular":1118481,"shininess":15},{"metadata":{"version":4.4,"type":"Material","generator":"Material.toJSON"},"uuid":"194A9C54-D072-4FA8-991D-65C814B4CF9A","type":"MeshPhongMaterial","color":16777215,"emissive":0,"specular":1118481,"shininess":15},{"metadata":{"version":4.4,"type":"Material","generator":"Material.toJSON"},"uuid":"5D01FFFE-EBCD-4359-A071-38268808C53E","type":"MeshPhongMaterial","color":16777215,"emissive":0,"specular":1118481,"shininess":15},{"metadata":{"version":4.4,"type":"Material","generator":"Material.toJSON"},"uuid":"7E220C25-AC62-4BD0-87DE-BB5EA9195CFD","type":"MeshPhongMaterial","color":16777215,"emissive":0,"specular":1118481,"shininess":15}],"visible":true}],"object":{"uuid":"752FB5AB-CD33-4D04-9F21-D1A3DFB66638","type":"Stage","height":916,"width":1910,"matrix":[1,0,0,0,0,1,0,0,0,0,1,0,0,0,0,1],"children":[{"uuid":"0F9B589C-DE0E-4058-8E4B-C3BF3F17FCD1","type":"AmbientLight","color":8355711,"matrix":[1,0,0,0,0,1,0,0,0,0,1,0,0,0,0,1]},{"uuid":"97C2FC71-9344-46FC-84CF-6788F1E26F47","type":"SpotLight","radius":1000,"color":16777215,"intensity":0.6,"distance":5000,"angle":1.0471975511965976,"exponent":10,"decay":1,"matrix":[-0.8746196627616882,-8.751023017339321e-9,0.48480960726737976,0,-0.342812180519104,0.7071067690849304,-0.6184495091438293,0,-0.342812180519104,-0.7071067690849304,-0.6184495091438293,0,484.80963134765625,1000,874.6196899414062,1]},{"uuid":"C11A92B6-FCE1-461B-84C8-10A15F22353B","type":"LineSegments","visible":false,"geometry":"3F7F7D13-D8A0-47DB-B53F-8AFFDD684E00","material":"9EB1EBDF-2F9B-436E-9AE3-6364AD12F39D","matrix":[0.874619722366333,2.578759650262441e-9,-0.48480963706970215,0,-0.342812180519104,0.7071067690849304,-0.6184495091438293,0,0.342812180519104,0.7071067690849304,0.6184495091438293,0,484.80963134765625,1000,874.6196899414062,1]},{"uuid":"E40428AC-69C7-4749-80BB-14A7D1B7F0B0","type":"Ground","height":10000,"width":10000,"depth":0.2,"segments":150,"folds":1,"shininess":15,"bumpScale":0.1,"stiffness":0.02,"heightScale":1,"widthScale":1,"frontImage":"images/textures/ground.png","textureRepeat":50,"geometry":"D9ADBC95-90E5-4F43-B514-494AFB27678F","material":"6C369723-6842-42DD-8D57-95682A9CEF99","matrix":[-0.002872857265174389,6.964881560378444e-9,-0.9999958872795105,0,-0.9999958872795105,-1.3942479171191735e-8,0.0028728502802550793,0,-6.964881116289234e-9,1,2.7359337018140195e-11,0,0,-1.4125105142593384,0,1]},{"uuid":"B877F1D7-EF5D-4F75-BAEB-4C31B58234C7","type":"BiFold","subType":"menua4","height":210,"width":297,"depth":0.2,"segments":150,"folds":2,"angles":[0,150,0,0,0,0],"shininess":15,"bumpScale":0.4,"stiffness":0.03,"heightScale":1,"widthScale":1,"frontImage":"images/textures/bifold-in.png","backImage":"images/textures/bifold-out.png","frontBump":"images/textures/bifold-inside-bump.jpg","geometry":"FDF60E35-837D-478B-857F-36C5A7665B58","material":"BCBD9533-5E2A-4257-882C-7F258B41FB4D","matrix":[0.6010829210281372,-7.209594254931062e-9,-0.799186646938324,0,-0.799186646938324,-3.248596414096028e-8,-0.601082980632782,0,-7.209594254931062e-9,1,-3.248596414096028e-8,0,-0.18454097211360931,0.4516852796077728,125.16983032226562,1]},{"uuid":"6D7AC51A-AC33-451C-8CA2-E9160250C5A2","type":"BiFold","subType":"menua4","height":210,"width":297,"depth":0.2,"segments":150,"folds":2,"angles":[0,15,0,0,15,0],"shininess":15,"bumpScale":0.4,"stiffness":0.03,