{"project":{"vr":false,"lightIntensity":0.6,"lightHeight":1000,"lightRadius":1000,"lightPosition":299,"shadowDarkness":0.51,"ambient":0.5},"camera":{"metadata":{"version":4.4,"type":"Object","generator":"Object3D.toJSON"},"object":{"uuid":"EC7D55C2-52A3-438C-9E1B-465EFE9F4EC9","type":"PerspectiveCamera","matrix":[0.9899963140487671,-2.5455793029038887e-9,-0.14109322428703308,0,-0.1303309202194214,0.38306331634521484,-0.9144814610481262,0,0.054047636687755585,0.9237220883369446,0.3792312741279602,0,33.44671630859375,397.34210205078125,171.01927185058594,1],"zoom":1,"fov":35,"aspect":1.6963350785340314,"near":4,"far":10000},"controlsCenter":{"x":9.36821820437401,"y":-14.180809398516686,"z":2.069809786626365}},"stage":{"metadata":{"version":4.3,"type":"Object","generator":"ObjectExporter"},"geometries":[{"uuid":"282AF7C4-6785-45AC-9CC9-B06121E32BBF","type":"Geometry","data":{"vertices":[-10.355337721290377,-10.355337721290377,-24.999998230487233,10.355337721290377,-10.355337721290377,-24.999998230487233,10.355337721290377,-10.355337721290377,-24.999998230487233,10.355337721290377,10.355337721290377,-24.999998230487233,10.355337721290377,10.355337721290377,-24.999998230487233,-10.355337721290377,10.355337721290377,-24.999998230487233,-10.355337721290377,10.355337721290377,-24.999998230487233,-10.355337721290377,-10.355337721290377,-24.999998230487233,-2071.07120904502,-2071.07120904502,-5000.008493676309,2071.07120904502,-2071.07120904502,-5000.008493676309,2071.07120904502,-2071.07120904502,-5000.008493676309,2071.07120904502,2071.07120904502,-5000.008493676309,2071.07120904502,2071.07120904502,-5000.008493676309,-2071.07120904502,2071.07120904502,-5000.008493676309,-2071.07120904502,2071.07120904502,-5000.008493676309,-2071.07120904502,-2071.07120904502,-5000.008493676309,-10.355337721290377,-10.355337721290377,-24.999998230487233,-2071.07120904502,-2071.07120904502,-5000.008493676309,10.355337721290377,-10.355337721290377,-24.999998230487233,2071.07120904502,-2071.07120904502,-5000.008493676309,-10.355337721290377,10.355337721290377,-24.999998230487233,-2071.07120904502,2071.07120904502,-5000.008493676309,10.355337721290377,10.355337721290377,-24.999998230487233,2071.07120904502,2071.07120904502,-5000.008493676309,0,0,0,-10.355337721290377,-10.355337721290377,-24.999998230487233,0,0,0,10.355337721290377,-10.355337721290377,-24.999998230487233,0,0,0,-10.355337721290377,10.355337721290377,-24.999998230487233,0,0,0,10.355337721290377,10.355337721290377,-24.999998230487233,7.248736404903264,11.390871493419416,-24.999998230487233,-7.248736404903264,11.390871493419416,-24.999998230487233,-7.248736404903264,11.390871493419416,-24.999998230487233,0,20.710675442580754,-24.999998230487233,0,20.710675442580754,-24.999998230487233,7.248736404903264,11.390871493419416,-24.999998230487233,0,0,-24.999998230487233,0,0,-5000.008493676309,0,0,0,0,0,-24.999998230487233,-10.355337721290377,0,-24.999998230487233,10.355337721290377,0,-24.999998230487233,0,-10.355337721290377,-24.999998230487233,0,10.355337721290377,-24.999998230487233,-2071.07120904502,0,-5000.008493676309,2071.07120904502,0,-5000.008493676309,0,-2071.07120904502,-5000.008493676309,0,2071.07120904502,-5000.008493676309],"normals":[],"faces":[]}},{"uuid":"D7390914-AAAC-4186-AFD2-19B9AFBC5EC5","type":"PlaneBufferGeometry","width":10000,"height":10000},{"uuid":"0C7C3FBD-8755-49DE-AF92-07A38AED9703","type":"BoxGeometry","width":297,"height":210,"depth":0.2,"widthSegments":300,"heightSegments":1,"depthSegments":1}],"materials":[{"uuid":"4B09E316-69D3-4D7B-8535-17C67ACD56E1","type":"LineBasicMaterial","color":16777215,"vertexColors":1},{"uuid":"7C293786-B8E0-411F-B6B8-A56EA521C79D","type":"MeshPhongMaterial","color":16777215,"emissive":0,"specular":1118481,"shininess":15},{"uuid":"6B648197-A6F9-4A69-B282-F956BE9114D2","type":"MultiMaterial","materials":[{"metadata":{"version":4.4,"type":"Material","generator":"Material.toJSON"},"uuid":"83819454-EBC7-4F46-AB7A-444F2D81C4BF","type":"MeshPhongMaterial","color":16777215,"emissive":0,"specular":1118481,"shininess":15},{"metadata":{"version":4.4,"type":"Material","generator":"Material.toJSON"},"uuid":"83819454-EBC7-4F46-AB7A-444F2D81C4BF","type":"MeshPhongMaterial","color":16777215,"emissive":0,"specular":1118481,"shininess":15},{"metadata":{"version":4.4,"type":"Material","generator":"Material.toJSON"},"uuid":"83819454-EBC7-4F46-AB7A-444F2D81C4BF","type":"MeshPhongMaterial","color":16777215,"emissive":0,"specular":1118481,"shininess":15},{"metadata":{"version":4.4,"type":"Material","generator":"Material.toJSON"},"uuid":"83819454-EBC7-4F46-AB7A-444F2D81C4BF","type":"MeshPhongMaterial","color":16777215,"emissive":0,"specular":1118481,"shininess":15},{"metadata":{"version":4.4,"type":"Material","generator":"Material.toJSON"},"uuid":"5BCDA112-92A1-441A-9BD1-83293D63C8A1","type":"MeshPhongMaterial","color":16777215,"emissive":0,"specular":1118481,"shininess":15},{"metadata":{"version":4.4,"type":"Material","generator":"Material.toJSON"},"uuid":"052F1469-557F-4B6D-B877-1584430B8DA5","type":"MeshPhongMaterial","color":16777215,"emissive":0,"specular":1118481,"shininess":15}],"visible":true}],"object":{"uuid":"752FB5AB-CD33-4D04-9F21-D1A3DFB66638","type":"Stage","height":911,"width":1920,"matrix":[1,0,0,0,0,1,0,0,0,0,1,0,0,0,0,1],"children":[{"uuid":"7BC9B5A3-B75E-4D68-AF0D-8DFEA7E23421","type":"AmbientLight","color":8355711,"matrix":[1,0,0,0,0,1,0,0,0,0,1,0,0,0,0,1]},{"uuid":"0987580E-1E8C-4EF9-B4B7-6B707D0C08A2","type":"SpotLight","radius":1000,"color":16777215,"intensity":0.6,"distance":5000,"angle":1.0471975511965976,"exponent":10,"decay":1,"matrix":[0.874619722366333,8.751023017339321e-9,0.48480960726737976,0,-0.342812180519104,0.7071067690849304,0.6184495091438293,0,-0.342812180519104,-0.7071067690849304,0.6184495091438293,0,484.80963134765625,1000,-874.6196899414062,1]},{"uuid":"9FBBFB10-145E-4428-952F-55165DD311B2","type":"LineSegments","geometry":"282AF7C4-6785-45AC-9CC9-B06121E32BBF","material":"4B09E316-69D3-4D7B-8535-17C67ACD56E1","matrix":[-0.8746196627616882,-2.578759650262441e-9,-0.48480963706970215,0,-0.342812180519104,0.7071067690849304,0.6184495091438293,0,0.342812180519104,0.7071067690849304,-0.6184495091438293,0,484.80963134765625,1000,-874.6196899414062,1]},{"uuid":"E40428AC-69C7-4749-80BB-14A7D1B7F0B0","type":"Ground","height":10000,"width":10000,"depth":0.2,"segments":150,"folds":1,"shininess":15,"bumpScale":0.1,"stiffness":0.02,"heightScale":1,"widthScale":1,"frontImage":"images/textures/ground.png","textureRepeat":50,"defaultImage":[null,null,null,null,"images/textures/ground.png"],"geometry":"D7390914-AAAC-4186-AFD2-19B9AFBC5EC5","material":"7C293786-B8E0-411F-B6B8-A56EA521C79D","matrix":[-0.002872871235013008,-5.551115123125783e-17,-0.9999958872795105,0,-0.9999958872795105,2.220446049250313e-16,0.002872871235013008,0,1.6653345369377348e-16,1,0,0,0,-1.4125105142593384,0,1]},{"uuid":"B877F1D7-EF5D-4F75-BAEB-4C31B58234C7","type":"BiFold","subType":"menua4","height":210,"width":297,"depth":0.2,"segments":150,"folds":2,"angles":[0,1,0,0,1,0],"shininess":15,"bumpScale":0.4,"stiffness":0.03,"heightScale":1,"widthScale":1,"frontImage":"images/textures/bifold-in.png","backImage":"images/textures/bifold-out.png","frontBump":"images/textures/bifold-inside-bump.jpg","defaultImage":[null,null,null,null,"images/textures/bifold-in.png","images/textures/bifold-out.png"],"geometry":"0C7C3FBD-8755-49DE-AF92-07A38AED9703","material":"6B648197-A6F9-4A69-B282-F956BE9114D2","matrix":[-1,1.2246468525851679e-16,2.465190328815662e-32,0,0,2.220446049250313e-16,-1,0,-1.2246468525851679e-16,-1,-2.220446049250313e-16,0,-2.6094517707824707,1.766173005104065,0,1]}]}}}