{"project":{"vr":false,"lightIntensity":0.6,"lightHeight":1000,"lightRadius":1000,"lightPosition":330,"shadowDarkness":0.39,"ambient":0.5},"camera":{"metadata":{"version":4.4,"type":"Object","generator":"Object3D.toJSON"},"object":{"uuid":"EC7D55C2-52A3-438C-9E1B-465EFE9F4EC9","type":"PerspectiveCamera","matrix":[0.9659258127212524,-6.291489107468351e-9,0.258819043636322,0,0.20034147799015045,0.6331122517585754,-0.7476845383644104,0,-0.1638614982366562,0.7740600109100342,0.6115394830703735,0,-71.51195526123047,296.4148254394531,251.77365112304688,1],"zoom":1,"fov":35,"aspect":1.6963350785340314,"near":4,"far":10000},"controlsCenter":{"x":-5.628428520436147,"y":-14.810228523450736,"z":5.892972699909852}},"stage":{"metadata":{"version":4.3,"type":"Object","generator":"ObjectExporter"},"geometries":[{"uuid":"282AF7C4-6785-45AC-9CC9-B06121E32BBF","type":"Geometry","data":{"vertices":[-10.355337721290377,-10.355337721290377,-24.999998230487233,10.355337721290377,-10.355337721290377,-24.999998230487233,10.355337721290377,-10.355337721290377,-24.999998230487233,10.355337721290377,10.355337721290377,-24.999998230487233,10.355337721290377,10.355337721290377,-24.999998230487233,-10.355337721290377,10.355337721290377,-24.999998230487233,-10.355337721290377,10.355337721290377,-24.999998230487233,-10.355337721290377,-10.355337721290377,-24.999998230487233,-2071.07120904502,-2071.07120904502,-5000.008493676309,2071.07120904502,-2071.07120904502,-5000.008493676309,2071.07120904502,-2071.07120904502,-5000.008493676309,2071.07120904502,2071.07120904502,-5000.008493676309,2071.07120904502,2071.07120904502,-5000.008493676309,-2071.07120904502,2071.07120904502,-5000.008493676309,-2071.07120904502,2071.07120904502,-5000.008493676309,-2071.07120904502,-2071.07120904502,-5000.008493676309,-10.355337721290377,-10.355337721290377,-24.999998230487233,-2071.07120904502,-2071.07120904502,-5000.008493676309,10.355337721290377,-10.355337721290377,-24.999998230487233,2071.07120904502,-2071.07120904502,-5000.008493676309,-10.355337721290377,10.355337721290377,-24.999998230487233,-2071.07120904502,2071.07120904502,-5000.008493676309,10.355337721290377,10.355337721290377,-24.999998230487233,2071.07120904502,2071.07120904502,-5000.008493676309,0,0,0,-10.355337721290377,-10.355337721290377,-24.999998230487233,0,0,0,10.355337721290377,-10.355337721290377,-24.999998230487233,0,0,0,-10.355337721290377,10.355337721290377,-24.999998230487233,0,0,0,10.355337721290377,10.355337721290377,-24.999998230487233,7.248736404903264,11.390871493419416,-24.999998230487233,-7.248736404903264,11.390871493419416,-24.999998230487233,-7.248736404903264,11.390871493419416,-24.999998230487233,0,20.710675442580754,-24.999998230487233,0,20.710675442580754,-24.999998230487233,7.248736404903264,11.390871493419416,-24.999998230487233,0,0,-24.999998230487233,0,0,-5000.008493676309,0,0,0,0,0,-24.999998230487233,-10.355337721290377,0,-24.999998230487233,10.355337721290377,0,-24.999998230487233,0,-10.355337721290377,-24.999998230487233,0,10.355337721290377,-24.999998230487233,-2071.07120904502,0,-5000.008493676309,2071.07120904502,0,-5000.008493676309,0,-2071.07120904502,-5000.008493676309,0,2071.07120904502,-5000.008493676309],"normals":[],"faces":[]}},{"uuid":"D7390914-AAAC-4186-AFD2-19B9AFBC5EC5","type":"PlaneBufferGeometry","width":10000,"height":10000},{"uuid":"0C7C3FBD-8755-49DE-AF92-07A38AED9703","type":"BoxGeometry","width":297,"height":210,"depth":0.2,"widthSegments":300,"heightSegments":1,"depthSegments":1},{"uuid":"72CE9DAB-54D3-44E2-9037-298A14FD9533","type":"BoxGeometry","width":297,"height":210,"depth":0.2,"widthSegments":300,"heightSegments":1,"depthSegments":1}],"materials":[{"uuid":"4B09E316-69D3-4D7B-8535-17C67ACD56E1","type":"LineBasicMaterial","color":16777215,"vertexColors":1},{"uuid":"7C293786-B8E0-411F-B6B8-A56EA521C79D","type":"MeshPhongMaterial","color":16777215,"emissive":0,"specular":1118481,"shininess":15},{"uuid":"6B648197-A6F9-4A69-B282-F956BE9114D2","type":"MultiMaterial","materials":[{"metadata":{"version":4.4,"type":"Material","generator":"Material.toJSON"},"uuid":"83819454-EBC7-4F46-AB7A-444F2D81C4BF","type":"MeshPhongMaterial","color":16777215,"emissive":0,"specular":1118481,"shininess":15},{"metadata":{"version":4.4,"type":"Material","generator":"Material.toJSON"},"uuid":"83819454-EBC7-4F46-AB7A-444F2D81C4BF","type":"MeshPhongMaterial","color":16777215,"emissive":0,"specular":1118481,"shininess":15},{"metadata":{"version":4.4,"type":"Material","generator":"Material.toJSON"},"uuid":"83819454-EBC7-4F46-AB7A-444F2D81C4BF","type":"MeshPhongMaterial","color":16777215,"emissive":0,"specular":1118481,"shininess":15},{"metadata":{"version":4.4,"type":"Material","generator":"Material.toJSON"},"uuid":"83819454-EBC7-4F46-AB7A-444F2D81C4BF","type":"MeshPhongMaterial","color":16777215,"emissive":0,"specular":1118481,"shininess":15},{"metadata":{"version":4.4,"type":"Material","generator":"Material.toJSON"},"uuid":"5BCDA112-92A1-441A-9BD1-83293D63C8A1","type":"MeshPhongMaterial","color":16777215,"emissive":0,"specular":1118481,"shininess":15},{"metadata":{"version":4.4,"type":"Material","generator":"Material.toJSON"},"uuid":"052F1469-557F-4B6D-B877-1584430B8DA5","type":"MeshPhongMaterial","color":16777215,"emissive":0,"specular":1118481,"shininess":15}],"visible":true}],"object":{"uuid":"752FB5AB-CD33-4D04-9F21-D1A3DFB66638","type":"Stage","height":911,"width":1920,"matrix":[1,0,0,0,0,1,0,0,0,0,1,0,0,0,0,1],"children":[{"uuid":"7BC9B5A3-B75E-4D68-AF0D-8DFEA7E23421","type":"AmbientLight","color":8355711,"matrix":[1,0,0,0,0,1,0,0,0,0,1,0,0,0,0,1]},{"uuid":"0987580E-1E8C-4EF9-B4B7-6B707D0C08A2","type":"SpotLight","radius":1000,"color":16777215,"intensity":0.6,"distance":5000,"angle":1.0471975511965976,"exponent":10,"decay":1,"matrix":[0.5,1.2816018468697621e-8,0.8660253882408142,0,-0.6123724579811096,0.7071067690849304,0.3535533845424652,0,-0.6123724579811096,-0.7071067690849304,0.3535533845424652,0,866.025390625,1000,-500,1]},{"uuid":"9FBBFB10-145E-4428-952F-55165DD311B2","type":"LineSegments","geometry":"282AF7C4-6785-45AC-9CC9-B06121E32BBF","material":"4B09E316-69D3-4D7B-8535-17C67ACD56E1","matrix":[-0.4999999701976776,-1.2816018468697621e-8,-0.8660253882408142,0,-0.6123724579811096,0.7071067690849304,0.3535533845424652,0,0.6123724579811096,0.7071067690849304,-0.3535533845424652,0,866.025390625,1000,-500,1]},{"uuid":"E40428AC-69C7-4749-80BB-14A7D1B7F0B0","type":"Ground","height":10000,"width":10000,"depth":0.2,"segments":150,"folds":1,"shininess":15,"bumpScale":0.1,"stiffness":0.02,"heightScale":1,"widthScale":1,"frontImage":"images/textures/ground.png","textureRepeat":50,"defaultImage":[null,null,null,null,"images/textures/ground.png"],"geometry":"D7390914-AAAC-4186-AFD2-19B9AFBC5EC5","material":"7C293786-B8E0-411F-B6B8-A56EA521C79D","matrix":[1,0,0,0,0,2.220446049250313e-16,-1,0,0,1,2.220446049250313e-16,0,0,-1.4125105142593384,0,1]},{"uuid":"B877F1D7-EF5D-4F75-BAEB-4C31B58234C7","type":"BiFold","subType":"menua4","height":210,"width":297,"depth":0.2,"segments":150,"folds":2,"angles":[0,0,0,0,180,0],"shininess":15,"bumpScale":0.4,"stiffness":0.02,"heightScale":1,"widthScale":1,"frontImage":"images/textures/bifold-in.png","backImage":"images/textures/bifold-out.png","frontBump":"images/textures/bifold-inside-bump.jpg","defaultImage":[null,null,null,null,"images/textures/bifold-in.png","images/textures/bifold-out.png"],"geometry":"0C7C3FBD-8755-49DE-AF92-07A38AED9703","material":"6B648197-A6F9-4A69-B282-F956BE9114D2","matrix":[1,0,0,0,0,2.220446049250313e-16,-1,0,0,1,2.220446049250313e-16,0,-2.6094517707824707,-0.32995718717575073,0,1]},{"uuid":"A45591E1-8964-49D1-9B58-8380E4BC53CD","type":"BiFold","subType":"menua4","height":210,"width":297,"depth":0.2,"segments":150,"folds":2,"angles":[null,180,null,null,0],"shininess":15,"bumpScale":0.4,"stiffness":0.02,"heightScale":1,"widthScale":1,"frontImage":"images/textures/bifold-in.png","backImage":"images/textures/bifold-out.png",