{"project":{"vr":false,"lightIntensity":0.6,"lightHeight":1000,"lightRadius":1000,"lightPosition":136,"shadowDarkness":0.33,"ambient":0.5},"camera":{"metadata":{"version":4.4,"type":"Object","generator":"Object3D.toJSON"},"object":{"uuid":"AC047742-C2BC-4C6B-B24B-404A4087C080","type":"PerspectiveCamera","matrix":[0.5697475075721741,3.0390125971280213e-9,0.8218197822570801,0,0.2941237986087799,0.9337624907493591,-0.20390883088111877,0,-0.7673844695091248,0.35789331793785095,0.5320088863372803,0,-208.70245361328125,143.88351440429688,137.28570556640625,1],"zoom":1,"fov":35,"aspect":1.2103559870550162,"near":4,"far":10000},"controlsCenter":{"x":18.103552317965644,"y":38.10556962202435,"z":-19.9533423253756}},"stage":{"metadata":{"version":4.3,"type":"Object","generator":"ObjectExporter"},"geometries":[{"uuid":"3F7F7D13-D8A0-47DB-B53F-8AFFDD684E00","type":"Geometry","data":{"vertices":[-10.355337721290377,-10.355337721290377,-24.999998230487233,10.355337721290377,-10.355337721290377,-24.999998230487233,10.355337721290377,-10.355337721290377,-24.999998230487233,10.355337721290377,10.355337721290377,-24.999998230487233,10.355337721290377,10.355337721290377,-24.999998230487233,-10.355337721290377,10.355337721290377,-24.999998230487233,-10.355337721290377,10.355337721290377,-24.999998230487233,-10.355337721290377,-10.355337721290377,-24.999998230487233,-2071.07120904502,-2071.07120904502,-5000.008493676309,2071.07120904502,-2071.07120904502,-5000.008493676309,2071.07120904502,-2071.07120904502,-5000.008493676309,2071.07120904502,2071.07120904502,-5000.008493676309,2071.07120904502,2071.07120904502,-5000.008493676309,-2071.07120904502,2071.07120904502,-5000.008493676309,-2071.07120904502,2071.07120904502,-5000.008493676309,-2071.07120904502,-2071.07120904502,-5000.008493676309,-10.355337721290377,-10.355337721290377,-24.999998230487233,-2071.07120904502,-2071.07120904502,-5000.008493676309,10.355337721290377,-10.355337721290377,-24.999998230487233,2071.07120904502,-2071.07120904502,-5000.008493676309,-10.355337721290377,10.355337721290377,-24.999998230487233,-2071.07120904502,2071.07120904502,-5000.008493676309,10.355337721290377,10.355337721290377,-24.999998230487233,2071.07120904502,2071.07120904502,-5000.008493676309,0,0,0,-10.355337721290377,-10.355337721290377,-24.999998230487233,0,0,0,10.355337721290377,-10.355337721290377,-24.999998230487233,0,0,0,-10.355337721290377,10.355337721290377,-24.999998230487233,0,0,0,10.355337721290377,10.355337721290377,-24.999998230487233,7.248736404903264,11.390871493419416,-24.999998230487233,-7.248736404903264,11.390871493419416,-24.999998230487233,-7.248736404903264,11.390871493419416,-24.999998230487233,0,20.710675442580754,-24.999998230487233,0,20.710675442580754,-24.999998230487233,7.248736404903264,11.390871493419416,-24.999998230487233,0,0,-24.999998230487233,0,0,-5000.008493676309,0,0,0,0,0,-24.999998230487233,-10.355337721290377,0,-24.999998230487233,10.355337721290377,0,-24.999998230487233,0,-10.355337721290377,-24.999998230487233,0,10.355337721290377,-24.999998230487233,-2071.07120904502,0,-5000.008493676309,2071.07120904502,0,-5000.008493676309,0,-2071.07120904502,-5000.008493676309,0,2071.07120904502,-5000.008493676309],"normals":[],"faces":[]}},{"uuid":"1796BB7C-E884-4FA1-8746-486DE38889F9","type":"PlaneBufferGeometry","width":10000,"height":10000},{"uuid":"308F4122-DE65-4737-A751-4D1B9CEF2D6B","type":"BoxGeometry","width":85,"height":55,"depth":0.2,"widthSegments":1,"heightSegments":1,"depthSegments":1},{"uuid":"89261124-9E32-464C-AB33-FFBAA4AC6B5E","type":"BoxGeometry","width":85,"height":55,"depth":0.2,"widthSegments":1,"heightSegments":1,"depthSegments":1}],"materials":[{"uuid":"9EB1EBDF-2F9B-436E-9AE3-6364AD12F39D","type":"LineBasicMaterial","color":16777215,"vertexColors":1},{"uuid":"6BFDA36F-9C30-4BD8-B701-38634738D74E","type":"MeshPhongMaterial","color":16777215,"emissive":0,"specular":1118481,"shininess":15},{"uuid":"AAE5C446-9CF9-4F08-AAEB-4B48DE9402B5","type":"MultiMaterial","materials":[{"metadata":{"version":4.4,"type":"Material","generator":"Material.toJSON"},"uuid":"1F2E433E-043A-428C-84B1-4112D8D6DA1D","type":"MeshPhongMaterial","color":16777215,"emissive":0,"specular":1118481,"shininess":16},{"metadata":{"version":4.4,"type":"Material","generator":"Material.toJSON"},"uuid":"1F2E433E-043A-428C-84B1-4112D8D6DA1D","type":"MeshPhongMaterial","color":16777215,"emissive":0,"specular":1118481,"shininess":16},{"metadata":{"version":4.4,"type":"Material","generator":"Material.toJSON"},"uuid":"1F2E433E-043A-428C-84B1-4112D8D6DA1D","type":"MeshPhongMaterial","color":16777215,"emissive":0,"specular":1118481,"shininess":16},{"metadata":{"version":4.4,"type":"Material","generator":"Material.toJSON"},"uuid":"1F2E433E-043A-428C-84B1-4112D8D6DA1D","type":"MeshPhongMaterial","color":16777215,"emissive":0,"specular":1118481,"shininess":16},{"metadata":{"version":4.4,"type":"Material","generator":"Material.toJSON"},"uuid":"4FB54F94-793E-4280-B727-E3D14BD76ACC","type":"MeshPhongMaterial","color":16777215,"emissive":0,"specular":1118481,"shininess":16},{"metadata":{"version":4.4,"type":"Material","generator":"Material.toJSON"},"uuid":"1CFB52BB-85FE-4B17-B053-08A19E042E5D","type":"MeshPhongMaterial","color":16777215,"emissive":0,"specular":1118481,"shininess":16}],"visible":true}],"object":{"uuid":"752FB5AB-CD33-4D04-9F21-D1A3DFB66638","type":"Stage","height":916,"width":1910,"matrix":[1,0,0,0,0,1,0,0,0,0,1,0,0,0,0,1],"children":[{"uuid":"0F9B589C-DE0E-4058-8E4B-C3BF3F17FCD1","type":"AmbientLight","color":8355711,"matrix":[1,0,0,0,0,1,0,0,0,0,1,0,0,0,0,1]},{"uuid":"97C2FC71-9344-46FC-84CF-6788F1E26F47","type":"SpotLight","radius":1000,"color":16777215,"intensity":0.6,"distance":5000,"angle":1.0471975511965976,"exponent":10,"decay":1,"matrix":[-0.6946583986282349,1.0386738580336896e-8,-0.7193397879600525,0,0.5086500644683838,0.7071067690849304,-0.4911976456642151,0,0.5086500644683838,-0.7071067690849304,-0.4911976456642151,0,-719.3397827148438,1000,694.6583862304688,1]},{"uuid":"C11A92B6-FCE1-461B-84C8-10A15F22353B","type":"LineSegments","visible":false,"geometry":"3F7F7D13-D8A0-47DB-B53F-8AFFDD684E00","material":"9EB1EBDF-2F9B-436E-9AE3-6364AD12F39D","matrix":[0.6946583986282349,-1.0386738580336896e-8,0.7193397879600525,0,0.5086500644683838,0.7071067690849304,-0.4911976456642151,0,-0.5086500644683838,0.7071067690849304,0.4911976456642151,0,-719.3397827148438,1000,694.6583862304688,1]},{"uuid":"E40428AC-69C7-4749-80BB-14A7D1B7F0B0","type":"Ground","height":10000,"width":10000,"depth":0.2,"segments":150,"folds":1,"shininess":15,"bumpScale":0.1,"stiffness":0.02,"heightScale":1,"widthScale":1,"frontImage":"images/textures/ground.png","textureRepeat":50,"geometry":"1796BB7C-E884-4FA1-8746-486DE38889F9","material":"6BFDA36F-9C30-4BD8-B701-38634738D74E","matrix":[1,0,0,0,0,2.220446049250313e-16,-1,0,0,1,2.220446049250313e-16,0,7.055746078491211,-1,0,1]},{"uuid":"1FFDB764-5562-4DD5-AB5C-6D5E1EF18772","type":"BusinessCard","subType":"menu1","height":55,"width":85,"depth":0.2,"segments":1,"folds":1,"angles":[],"shininess":16,"bumpScale":0,"stiffness":0.02,"heightScale":1,"widthScale":1,"frontImage":"images/textures/A4-landscape-in.png","backImage":"images/textures/A4-landscape-out.png","geometry":"308F4122-DE65-4737-A751-4D1B9CEF2D6B","material":"AAE5C446-9CF9-4F08-AAEB-4B48DE9402B5","matrix":[-0.5753147006034851,0.302069753408432,-0.7601098418235779,0,0.3002755343914032,0.9424187541007996,0.14724619686603546,0,0.7608203887939453,-0.14352947473526,-0.6328914761543274,0,-23.403196334838867,73.26620483398438,-30.90346336364746,1]},{"uuid":"87C6B979-E756-4936-AA37-60CE46F4B66F","type":"BusinessCard","subType":"menu1","height":55,"width":85,"depth":0.2,"segments":1,"folds":1,"angles":[],"shininess":16,"bumpScale":0,"stiffness":0.02,"heightScale":1,"widthScale":1,"frontImage":"images/textures/A4-landscape-in.png","backImage":"images/textures/A4-landscape-out.png","cloneParent":"1FFDB764-5562-4DD5-AB5C-6D5E1EF18772",