{"project":{"vr":false,"lightIntensity":0.6,"lightHeight":1000,"lightRadius":1000,"lightPosition":310,"shadowDarkness":0.3,"ambient":0.5},"camera":{"metadata":{"version":4.4,"type":"Object","generator":"Object3D.toJSON"},"object":{"uuid":"4FD24682-7372-46F6-AED9-792C155B9F8B","type":"PerspectiveCamera","matrix":[0.9691289663314819,3.0263562766918994e-9,0.24655437469482422,0,0.21853864192962646,0.4629756510257721,-0.8590077757835388,0,-0.11414867639541626,0.8863710165023804,0.44868311285972595,0,-37.66180419921875,271.2059326171875,147.50819396972656,1],"zoom":1,"fov":35,"aspect":1.2381477398015435,"near":4,"far":10000},"controlsCenter":{"x":-2.148688127490268,"y":-4.555465355243908,"z":7.917112282263366}},"stage":{"metadata":{"version":4.3,"type":"Object","generator":"ObjectExporter"},"geometries":[{"uuid":"0AFD1096-0A69-4C3D-A325-5D51605BFA07","type":"Geometry","data":{"vertices":[-10.355337721290377,-10.355337721290377,-24.999998230487233,10.355337721290377,-10.355337721290377,-24.999998230487233,10.355337721290377,-10.355337721290377,-24.999998230487233,10.355337721290377,10.355337721290377,-24.999998230487233,10.355337721290377,10.355337721290377,-24.999998230487233,-10.355337721290377,10.355337721290377,-24.999998230487233,-10.355337721290377,10.355337721290377,-24.999998230487233,-10.355337721290377,-10.355337721290377,-24.999998230487233,-2071.07120904502,-2071.07120904502,-5000.008493676309,2071.07120904502,-2071.07120904502,-5000.008493676309,2071.07120904502,-2071.07120904502,-5000.008493676309,2071.07120904502,2071.07120904502,-5000.008493676309,2071.07120904502,2071.07120904502,-5000.008493676309,-2071.07120904502,2071.07120904502,-5000.008493676309,-2071.07120904502,2071.07120904502,-5000.008493676309,-2071.07120904502,-2071.07120904502,-5000.008493676309,-10.355337721290377,-10.355337721290377,-24.999998230487233,-2071.07120904502,-2071.07120904502,-5000.008493676309,10.355337721290377,-10.355337721290377,-24.999998230487233,2071.07120904502,-2071.07120904502,-5000.008493676309,-10.355337721290377,10.355337721290377,-24.999998230487233,-2071.07120904502,2071.07120904502,-5000.008493676309,10.355337721290377,10.355337721290377,-24.999998230487233,2071.07120904502,2071.07120904502,-5000.008493676309,0,0,0,-10.355337721290377,-10.355337721290377,-24.999998230487233,0,0,0,10.355337721290377,-10.355337721290377,-24.999998230487233,0,0,0,-10.355337721290377,10.355337721290377,-24.999998230487233,0,0,0,10.355337721290377,10.355337721290377,-24.999998230487233,7.248736404903264,11.390871493419416,-24.999998230487233,-7.248736404903264,11.390871493419416,-24.999998230487233,-7.248736404903264,11.390871493419416,-24.999998230487233,0,20.710675442580754,-24.999998230487233,0,20.710675442580754,-24.999998230487233,7.248736404903264,11.390871493419416,-24.999998230487233,0,0,-24.999998230487233,0,0,-5000.008493676309,0,0,0,0,0,-24.999998230487233,-10.355337721290377,0,-24.999998230487233,10.355337721290377,0,-24.999998230487233,0,-10.355337721290377,-24.999998230487233,0,10.355337721290377,-24.999998230487233,-2071.07120904502,0,-5000.008493676309,2071.07120904502,0,-5000.008493676309,0,-2071.07120904502,-5000.008493676309,0,2071.07120904502,-5000.008493676309],"normals":[],"faces":[]}},{"uuid":"EF4E05F3-9DCE-4891-B85D-C43DF0CE8B94","type":"PlaneBufferGeometry","width":10000,"height":10000},{"uuid":"5F9FC760-A5AE-44D7-9750-0C9EB684E951","type":"BoxGeometry","width":85,"height":55,"depth":0.2,"widthSegments":1,"heightSegments":1,"depthSegments":1},{"uuid":"149C2E34-D3AA-42B5-9653-C245034EF41C","type":"BoxGeometry","width":85,"height":55,"depth":0.2,"widthSegments":1,"heightSegments":1,"depthSegments":1}],"materials":[{"uuid":"7C30D79D-9341-4842-BC4A-DA5CF183BF5C","type":"LineBasicMaterial","color":16777215,"vertexColors":1},{"uuid":"F538CB32-4C7F-4794-9240-A2C0220A8134","type":"MeshPhongMaterial","color":16777215,"emissive":0,"specular":1118481,"shininess":15},{"uuid":"F249B912-A875-4A39-948B-23D0BED101DF","type":"MultiMaterial","materials":[{"metadata":{"version":4.4,"type":"Material","generator":"Material.toJSON"},"uuid":"F86F18AB-94E4-41CD-8286-33494FCDD3AF","type":"MeshPhongMaterial","color":16777215,"emissive":0,"specular":1118481,"shininess":15},{"metadata":{"version":4.4,"type":"Material","generator":"Material.toJSON"},"uuid":"F86F18AB-94E4-41CD-8286-33494FCDD3AF","type":"MeshPhongMaterial","color":16777215,"emissive":0,"specular":1118481,"shininess":15},{"metadata":{"version":4.4,"type":"Material","generator":"Material.toJSON"},"uuid":"F86F18AB-94E4-41CD-8286-33494FCDD3AF","type":"MeshPhongMaterial","color":16777215,"emissive":0,"specular":1118481,"shininess":15},{"metadata":{"version":4.4,"type":"Material","generator":"Material.toJSON"},"uuid":"F86F18AB-94E4-41CD-8286-33494FCDD3AF","type":"MeshPhongMaterial","color":16777215,"emissive":0,"specular":1118481,"shininess":15},{"metadata":{"version":4.4,"type":"Material","generator":"Material.toJSON"},"uuid":"6BFFA7B0-A17E-4CD5-AABB-EC1B8201F001","type":"MeshPhongMaterial","color":16777215,"emissive":0,"specular":1118481,"shininess":15},{"metadata":{"version":4.4,"type":"Material","generator":"Material.toJSON"},"uuid":"A1E02579-B176-4877-93EF-045AA60DDB6D","type":"MeshPhongMaterial","color":16777215,"emissive":0,"specular":1118481,"shininess":15}],"visible":true}],"object":{"uuid":"752FB5AB-CD33-4D04-9F21-D1A3DFB66638","type":"Stage","height":1042,"width":1922,"matrix":[1,0,0,0,0,1,0,0,0,0,1,0,0,0,0,1],"children":[{"uuid":"906C942B-E07A-40CF-BFCF-846DF9983F66","type":"AmbientLight","color":8355711,"matrix":[1,0,0,0,0,1,0,0,0,0,1,0,0,0,0,1]},{"uuid":"0B1C0B5D-B172-422E-BC81-9BAD8BDB00AC","type":"SpotLight","radius":1000,"color":16777215,"intensity":0.6,"distance":5000,"angle":1.0471975511965976,"exponent":10,"decay":1,"matrix":[0.7660444378852844,-2.4851580793239236e-9,0.6427876353263855,0,-0.45451948046684265,0.7071067690849304,0.5416752099990845,0,-0.45451948046684265,-0.7071067690849304,0.5416752099990845,0,642.78759765625,1000,-766.04443359375,1]},{"uuid":"60863AC7-E140-428F-8148-D978BFA0C003","type":"LineSegments","visible":false,"geometry":"0AFD1096-0A69-4C3D-A325-5D51605BFA07","material":"7C30D79D-9341-4842-BC4A-DA5CF183BF5C","matrix":[-0.7660444378852844,2.4851583013685286e-9,-0.6427876353263855,0,-0.45451948046684265,0.7071067690849304,0.5416752099990845,0,0.45451948046684265,0.7071067690849304,-0.5416752099990845,0,642.78759765625,1000,-766.04443359375,1]},{"uuid":"E40428AC-69C7-4749-80BB-14A7D1B7F0B0","type":"Ground","height":10000,"width":10000,"depth":0.2,"segments":150,"folds":1,"shininess":15,"bumpScale":0.1,"stiffness":0.02,"heightScale":1,"widthScale":1,"frontImage":"images/textures/ground.png","textureRepeat":50,"geometry":"EF4E05F3-9DCE-4891-B85D-C43DF0CE8B94","material":"F538CB32-4C7F-4794-9240-A2C0220A8134","matrix":[1,0,0,0,0,2.220446049250313e-16,-1,0,0,1,2.220446049250313e-16,0,0,-1,0,1]},{"uuid":"8C568A24-5585-4BCD-A622-8FC54880747F","type":"BusinessCard","subType":"menu1","height":55,"width":85,"depth":0.2,"segments":1,"folds":1,"angles":[],"shininess":15,"bumpScale":1,"stiffness":0.02,"heightScale":1,"widthScale":1,"frontImage":"images/textures/A4-landscape-in.png","backImage":"images/textures/A4-landscape-out.png","geometry":"5F9FC760-A5AE-44D7-9750-0C9EB684E951","material":"F249B912-A875-4A39-948B-23D0BED101DF","matrix":[1,0,0,0,0,2.220446049250313e-16,-1,0,0,1,2.220446049250313e-16,0,0,0,31.65282440185547,1]},{"uuid":"C1CF7B47-E5A2-4382-8B1F-5482328624D0","type":"BusinessCard","subType":"menu1","height":55,"width":85,"depth":0.2,"segments":1,"folds":1,"angles":[],"shininess":15,"bumpScale":1,"stiffness":0.02,"heightScale":1,"widthScale":1,"frontImage":"images/textures/A4-landscape-in.png","backImage":"images/textures/A4-landscape-out.png","cloneParent":"8C568A24-5585-4BCD-A622-8FC54880747F","geometry":"149C2E34-D3AA-42B5-9653-C245034EF41C","material":"F249B912-A875-4A39-948B-23D0BED101DF",