{"project":{"vr":false,"lightIntensity":0.6,"lightHeight":1000,"lightRadius":1000,"lightPosition":205,"shadowDarkness":0.55,"ambient":0.5},"camera":{"metadata":{"version":4.4,"type":"Object","generator":"Object3D.toJSON"},"object":{"uuid":"EC7D55C2-52A3-438C-9E1B-465EFE9F4EC9","type":"PerspectiveCamera","matrix":[0.9455185532569885,1.1319846393575972e-8,0.32556816935539246,0,0.3161945044994354,0.23823168873786926,-0.9182955622673035,0,-0.0775606632232666,0.9712083339691162,0.22525247931480408,0,-39.265960693359375,523.4859008789062,128.55661010742188,1],"zoom":1,"fov":35,"aspect":1.6963350785340314,"near":4,"far":10000},"controlsCenter":{"x":3.1568801960683395,"y":-7.729526987604985,"z":5.351732783626476}},"stage":{"metadata":{"version":4.3,"type":"Object","generator":"ObjectExporter"},"geometries":[{"uuid":"282AF7C4-6785-45AC-9CC9-B06121E32BBF","type":"Geometry","data":{"vertices":[-10.355337721290377,-10.355337721290377,-24.999998230487233,10.355337721290377,-10.355337721290377,-24.999998230487233,10.355337721290377,-10.355337721290377,-24.999998230487233,10.355337721290377,10.355337721290377,-24.999998230487233,10.355337721290377,10.355337721290377,-24.999998230487233,-10.355337721290377,10.355337721290377,-24.999998230487233,-10.355337721290377,10.355337721290377,-24.999998230487233,-10.355337721290377,-10.355337721290377,-24.999998230487233,-2071.07120904502,-2071.07120904502,-5000.008493676309,2071.07120904502,-2071.07120904502,-5000.008493676309,2071.07120904502,-2071.07120904502,-5000.008493676309,2071.07120904502,2071.07120904502,-5000.008493676309,2071.07120904502,2071.07120904502,-5000.008493676309,-2071.07120904502,2071.07120904502,-5000.008493676309,-2071.07120904502,2071.07120904502,-5000.008493676309,-2071.07120904502,-2071.07120904502,-5000.008493676309,-10.355337721290377,-10.355337721290377,-24.999998230487233,-2071.07120904502,-2071.07120904502,-5000.008493676309,10.355337721290377,-10.355337721290377,-24.999998230487233,2071.07120904502,-2071.07120904502,-5000.008493676309,-10.355337721290377,10.355337721290377,-24.999998230487233,-2071.07120904502,2071.07120904502,-5000.008493676309,10.355337721290377,10.355337721290377,-24.999998230487233,2071.07120904502,2071.07120904502,-5000.008493676309,0,0,0,-10.355337721290377,-10.355337721290377,-24.999998230487233,0,0,0,10.355337721290377,-10.355337721290377,-24.999998230487233,0,0,0,-10.355337721290377,10.355337721290377,-24.999998230487233,0,0,0,10.355337721290377,10.355337721290377,-24.999998230487233,7.248736404903264,11.390871493419416,-24.999998230487233,-7.248736404903264,11.390871493419416,-24.999998230487233,-7.248736404903264,11.390871493419416,-24.999998230487233,0,20.710675442580754,-24.999998230487233,0,20.710675442580754,-24.999998230487233,7.248736404903264,11.390871493419416,-24.999998230487233,0,0,-24.999998230487233,0,0,-5000.008493676309,0,0,0,0,0,-24.999998230487233,-10.355337721290377,0,-24.999998230487233,10.355337721290377,0,-24.999998230487233,0,-10.355337721290377,-24.999998230487233,0,10.355337721290377,-24.999998230487233,-2071.07120904502,0,-5000.008493676309,2071.07120904502,0,-5000.008493676309,0,-2071.07120904502,-5000.008493676309,0,2071.07120904502,-5000.008493676309],"normals":[],"faces":[]}},{"uuid":"D7390914-AAAC-4186-AFD2-19B9AFBC5EC5","type":"PlaneBufferGeometry","width":10000,"height":10000},{"uuid":"874C113A-6557-4767-93FB-99A0B513B164","type":"BoxGeometry","width":297,"height":210,"depth":0.2,"widthSegments":450,"heightSegments":1,"depthSegments":1}],"materials":[{"uuid":"4B09E316-69D3-4D7B-8535-17C67ACD56E1","type":"LineBasicMaterial","color":16777215,"vertexColors":1},{"uuid":"7C293786-B8E0-411F-B6B8-A56EA521C79D","type":"MeshPhongMaterial","color":16777215,"emissive":0,"specular":1118481,"shininess":15},{"uuid":"F48D1169-91E6-46CD-9CA1-89AD812F5BE0","type":"MultiMaterial","materials":[{"metadata":{"version":4.4,"type":"Material","generator":"Material.toJSON"},"uuid":"6939B4AA-ADC4-44A3-ABA2-0D0931EFFAE6","type":"MeshPhongMaterial","color":16777215,"emissive":0,"specular":1118481,"shininess":15},{"metadata":{"version":4.4,"type":"Material","generator":"Material.toJSON"},"uuid":"6939B4AA-ADC4-44A3-ABA2-0D0931EFFAE6","type":"MeshPhongMaterial","color":16777215,"emissive":0,"specular":1118481,"shininess":15},{"metadata":{"version":4.4,"type":"Material","generator":"Material.toJSON"},"uuid":"6939B4AA-ADC4-44A3-ABA2-0D0931EFFAE6","type":"MeshPhongMaterial","color":16777215,"emissive":0,"specular":1118481,"shininess":15},{"metadata":{"version":4.4,"type":"Material","generator":"Material.toJSON"},"uuid":"6939B4AA-ADC4-44A3-ABA2-0D0931EFFAE6","type":"MeshPhongMaterial","color":16777215,"emissive":0,"specular":1118481,"shininess":15},{"metadata":{"version":4.4,"type":"Material","generator":"Material.toJSON"},"uuid":"799CA2B6-205B-41B3-8147-F741D43394DB","type":"MeshPhongMaterial","color":16777215,"emissive":0,"specular":1118481,"shininess":15},{"metadata":{"version":4.4,"type":"Material","generator":"Material.toJSON"},"uuid":"1710ABF3-E766-4E41-B7F6-CFD38C161E6D","type":"MeshPhongMaterial","color":16777215,"emissive":0,"specular":1118481,"shininess":15}],"visible":true}],"object":{"uuid":"752FB5AB-CD33-4D04-9F21-D1A3DFB66638","type":"Stage","height":911,"width":1920,"matrix":[1,0,0,0,0,1,0,0,0,0,1,0,0,0,0,1],"children":[{"uuid":"7BC9B5A3-B75E-4D68-AF0D-8DFEA7E23421","type":"AmbientLight","color":8355711,"matrix":[1,0,0,0,0,1,0,0,0,0,1,0,0,0,0,1]},{"uuid":"0987580E-1E8C-4EF9-B4B7-6B707D0C08A2","type":"SpotLight","radius":1000,"color":16777215,"intensity":0.6,"distance":5000,"angle":1.0471975511965976,"exponent":10,"decay":1,"matrix":[0.42261824011802673,4.367028405560802e-10,-0.9063078165054321,0,0.6408563852310181,0.7071067690849304,0.29883623123168945,0,0.6408563852310181,-0.7071067690849304,0.29883623123168945,0,-906.3078002929688,1000,-422.6182556152344,1]},{"uuid":"9FBBFB10-145E-4428-952F-55165DD311B2","type":"LineSegments","visible":false,"geometry":"282AF7C4-6785-45AC-9CC9-B06121E32BBF","material":"4B09E316-69D3-4D7B-8535-17C67ACD56E1","matrix":[-0.42261824011802673,-4.3688683781795135e-9,0.9063078165054321,0,0.6408563852310181,0.7071067690849304,0.29883623123168945,0,-0.6408563852310181,0.7071067690849304,-0.29883623123168945,0,-906.3078002929688,1000,-422.6182556152344,1]},{"uuid":"E40428AC-69C7-4749-80BB-14A7D1B7F0B0","type":"Ground","height":10000,"width":10000,"depth":0.2,"segments":150,"folds":1,"shininess":15,"bumpScale":0.1,"stiffness":0.02,"heightScale":1,"widthScale":1,"frontImage":"images/textures/ground.png","textureRepeat":50,"defaultImage":[null,null,null,null,"images/textures/ground.png"],"geometry":"D7390914-AAAC-4186-AFD2-19B9AFBC5EC5","material":"7C293786-B8E0-411F-B6B8-A56EA521C79D","matrix":[1,0,0,0,0,2.220446049250313e-16,-1,0,0,1,2.220446049250313e-16,0,0,-1,0,1]},{"uuid":"F169BC06-D290-4D88-A561-178D384FEAB8","type":"TriFold","subType":"menua4","height":210,"width":297,"depth":0.2,"segments":150,"folds":3,"angles":[null,15,null,null,15],"shininess":15,"bumpScale":0.4,"stiffness":0.02,"heightScale":1,"widthScale":1,"frontImage":"images/textures/trifold-in.png","backImage":"images/textures/trifold-out.png","frontBump":"images/textures/trifold-bump-in.png","defaultImage":[null,null,null,null,"images/textures/trifold-in.png","images/textures/trifold-out.png"],"geometry":"874C113A-6557-4767-93FB-99A0B513B164","material":"F48D1169-91E6-46CD-9CA1-89AD812F5BE0","matrix":[1,0,0,0,0,2.220446049250313e-16,-1,0,0,1,2.220446049250313e-16,0,0,0,0,1]}]}}}