{"project":{"vr":false,"lightIntensity":0.6,"lightHeight":1000,"lightRadius":1000,"lightPosition":61,"shadowDarkness":0.34,"ambient":0.5},"camera":{"metadata":{"version":4.4,"type":"Object","generator":"Object3D.toJSON"},"object":{"uuid":"28663EE3-31BC-4E08-AA1B-BF2C58FA7446","type":"PerspectiveCamera","matrix":[0.996525228023529,-1.555149453658089e-9,0.08329134434461594,0,0.046487558633089066,0.8297522664070129,-0.5561925172805786,0,-0.0691111832857132,0.5581318736076355,0.8268690705299377,0,-56.23509216308594,381.6700439453125,525.5217895507812,1],"zoom":1,"fov":35,"aspect":1.605940594059406,"near":4,"far":10000},"controlsCenter":{"x":-12.145531269727902,"y":25.609141998620636,"z":-1.9803080506059478}},"stage":{"metadata":{"version":4.3,"type":"Object","generator":"ObjectExporter"},"geometries":[{"uuid":"FBC79710-FDB2-4D3E-B5F6-25B066CE3F40","type":"Geometry","data":{"vertices":[-10.355337721290377,-10.355337721290377,-24.999998230487233,10.355337721290377,-10.355337721290377,-24.999998230487233,10.355337721290377,-10.355337721290377,-24.999998230487233,10.355337721290377,10.355337721290377,-24.999998230487233,10.355337721290377,10.355337721290377,-24.999998230487233,-10.355337721290377,10.355337721290377,-24.999998230487233,-10.355337721290377,10.355337721290377,-24.999998230487233,-10.355337721290377,-10.355337721290377,-24.999998230487233,-2071.07120904502,-2071.07120904502,-5000.008493676309,2071.07120904502,-2071.07120904502,-5000.008493676309,2071.07120904502,-2071.07120904502,-5000.008493676309,2071.07120904502,2071.07120904502,-5000.008493676309,2071.07120904502,2071.07120904502,-5000.008493676309,-2071.07120904502,2071.07120904502,-5000.008493676309,-2071.07120904502,2071.07120904502,-5000.008493676309,-2071.07120904502,-2071.07120904502,-5000.008493676309,-10.355337721290377,-10.355337721290377,-24.999998230487233,-2071.07120904502,-2071.07120904502,-5000.008493676309,10.355337721290377,-10.355337721290377,-24.999998230487233,2071.07120904502,-2071.07120904502,-5000.008493676309,-10.355337721290377,10.355337721290377,-24.999998230487233,-2071.07120904502,2071.07120904502,-5000.008493676309,10.355337721290377,10.355337721290377,-24.999998230487233,2071.07120904502,2071.07120904502,-5000.008493676309,0,0,0,-10.355337721290377,-10.355337721290377,-24.999998230487233,0,0,0,10.355337721290377,-10.355337721290377,-24.999998230487233,0,0,0,-10.355337721290377,10.355337721290377,-24.999998230487233,0,0,0,10.355337721290377,10.355337721290377,-24.999998230487233,7.248736404903264,11.390871493419416,-24.999998230487233,-7.248736404903264,11.390871493419416,-24.999998230487233,-7.248736404903264,11.390871493419416,-24.999998230487233,0,20.710675442580754,-24.999998230487233,0,20.710675442580754,-24.999998230487233,7.248736404903264,11.390871493419416,-24.999998230487233,0,0,-24.999998230487233,0,0,-5000.008493676309,0,0,0,0,0,-24.999998230487233,-10.355337721290377,0,-24.999998230487233,10.355337721290377,0,-24.999998230487233,0,-10.355337721290377,-24.999998230487233,0,10.355337721290377,-24.999998230487233,-2071.07120904502,0,-5000.008493676309,2071.07120904502,0,-5000.008493676309,0,-2071.07120904502,-5000.008493676309,0,2071.07120904502,-5000.008493676309],"normals":[],"faces":[]}},{"uuid":"777C0BA1-C838-45A1-A681-797AF838F130","type":"PlaneBufferGeometry","width":10000,"height":10000},{"uuid":"09F6EA98-DB6B-47B5-AA33-5CA71CA6CC66","type":"BoxGeometry","width":297,"height":210,"depth":0.2,"widthSegments":450,"heightSegments":1,"depthSegments":1},{"uuid":"DE7DB7B1-C225-42B6-BBC2-1EA946CCE98E","type":"BoxGeometry","width":297,"height":210,"depth":0.2,"widthSegments":450,"heightSegments":1,"depthSegments":1},{"uuid":"029C91F3-1D79-4BF2-BD36-783D61C40D5B","type":"BoxGeometry","width":297,"height":210,"depth":0.2,"widthSegments":450,"heightSegments":1,"depthSegments":1}],"materials":[{"uuid":"8F3B1C6F-D401-4115-91DC-5280CDDD4A64","type":"LineBasicMaterial","color":16777215,"vertexColors":1},{"uuid":"BC83BA92-E134-4E3B-BAB0-F076EC6739DA","type":"MeshPhongMaterial","color":16777215,"emissive":0,"specular":1118481,"shininess":15},{"uuid":"253F2487-135D-4184-950A-03ABFB81E374","type":"MultiMaterial","materials":[{"metadata":{"version":4.4,"type":"Material","generator":"Material.toJSON"},"uuid":"957ABB5F-E091-41DD-B852-FFF65B6B80A5","type":"MeshPhongMaterial","color":16777215,"emissive":0,"specular":1118481,"shininess":15},{"metadata":{"version":4.4,"type":"Material","generator":"Material.toJSON"},"uuid":"957ABB5F-E091-41DD-B852-FFF65B6B80A5","type":"MeshPhongMaterial","color":16777215,"emissive":0,"specular":1118481,"shininess":15},{"metadata":{"version":4.4,"type":"Material","generator":"Material.toJSON"},"uuid":"957ABB5F-E091-41DD-B852-FFF65B6B80A5","type":"MeshPhongMaterial","color":16777215,"emissive":0,"specular":1118481,"shininess":15},{"metadata":{"version":4.4,"type":"Material","generator":"Material.toJSON"},"uuid":"957ABB5F-E091-41DD-B852-FFF65B6B80A5","type":"MeshPhongMaterial","color":16777215,"emissive":0,"specular":1118481,"shininess":15},{"metadata":{"version":4.4,"type":"Material","generator":"Material.toJSON"},"uuid":"EDA74883-4EA7-4306-A46A-ABDAB8FC3108","type":"MeshPhongMaterial","color":16777215,"emissive":0,"specular":1118481,"shininess":15},{"metadata":{"version":4.4,"type":"Material","generator":"Material.toJSON"},"uuid":"107906AC-E1EE-4206-BF90-363A0F631354","type":"MeshPhongMaterial","color":16777215,"emissive":0,"specular":1118481,"shininess":15}],"visible":true}],"object":{"uuid":"752FB5AB-CD33-4D04-9F21-D1A3DFB66638","type":"Stage","height":872,"width":1252,"matrix":[1,0,0,0,0,1,0,0,0,0,1,0,0,0,0,1],"children":[{"uuid":"57862A48-007C-457D-A24A-660D49ABD4B1","type":"AmbientLight","color":8355711,"matrix":[1,0,0,0,0,1,0,0,0,0,1,0,0,0,0,1]},{"uuid":"6A9EBC18-1F31-48E2-A401-846CBA36B5D4","type":"SpotLight","radius":1000,"color":16777215,"intensity":0.6,"distance":5000,"angle":1.0471975511965976,"exponent":10,"decay":1,"matrix":[-0.8746196627616882,-8.751023017339321e-9,0.48480960726737976,0,-0.342812180519104,0.7071067690849304,-0.6184495091438293,0,-0.342812180519104,-0.7071067690849304,-0.6184495091438293,0,484.80963134765625,1000,874.6196899414062,1]},{"uuid":"33748154-7B84-4C31-BB03-32CA8CA495D5","type":"LineSegments","visible":false,"geometry":"FBC79710-FDB2-4D3E-B5F6-25B066CE3F40","material":"8F3B1C6F-D401-4115-91DC-5280CDDD4A64","matrix":[0.874619722366333,2.578759650262441e-9,-0.48480963706970215,0,-0.342812180519104,0.7071067690849304,-0.6184495091438293,0,0.342812180519104,0.7071067690849304,0.6184495091438293,0,484.80963134765625,1000,874.6196899414062,1]},{"uuid":"E40428AC-69C7-4749-80BB-14A7D1B7F0B0","type":"Ground","height":10000,"width":10000,"depth":0.2,"segments":150,"folds":1,"shininess":15,"bumpScale":0.1,"stiffness":0.02,"heightScale":1,"widthScale":1,"frontImage":"textures/1442414821000.1281451","textureRepeat":15,"geometry":"777C0BA1-C838-45A1-A681-797AF838F130","material":"BC83BA92-E134-4E3B-BAB0-F076EC6739DA","matrix":[1,0,0,0,0,2.220446049250313e-16,-1,0,0,1,2.220446049250313e-16,0,0,-1,0,1]},{"uuid":"F169BC06-D290-4D88-A561-178D384FEAB8","type":"TriFold","subType":"menua4","height":210,"width":297,"depth":0.2,"segments":150,"folds":3,"angles":[0,22.5,0,0,22.729353381464822,0],"shininess":15,"bumpScale":0.4,"stiffness":0.02,"heightScale":1,"widthScale":1,"frontImage":"textures/1439880514000.1281270","backImage":"images/textures/trifold-out.png","frontBump":"images/textures/trifold-bump-in.png","geometry":"09F6EA98-DB6B-47B5-AA33-5CA71CA6CC66","material":"253F2487-135D-4184-950A-03ABFB81E374","matrix":[1,0,0,0,0,0.9999938607215881,0.003511578543111682,0,0,-0.003511578543111682,0.9999938607215881,0,0,104.44337463378906,0,1]},{"uuid":"74E9B7DC-75BC-43DA-BE02-AF2C86961908","type":"TriFold","subType":"menua4","height":210,"width":297,"depth":0.2,"segments":150,"folds":3,"angles":[0,139,0,0,180,0],"shininess":15,"bumpScale":0.4,"stiffness":0.02,"heightScale":1,"widthScale":1,