{"project":{"vr":false,"lightIntensity":0.6,"lightHeight":1000,"lightRadius":1000,"lightPosition":205,"shadowDarkness":0.55,"ambient":0.5},"camera":{"metadata":{"version":4.4,"type":"Object","generator":"Object3D.toJSON"},"object":{"uuid":"C180F7B8-E4C6-42B9-B8C8-529607057101","type":"PerspectiveCamera","matrix":[0.9721007347106934,7.098427623475345e-9,0.23456373810768127,0,0.20217075943946838,0.5070762038230896,-0.83785480260849,0,-0.11894169449806213,0.8619012236595154,0.4929291605949402,0,14.369047164916992,551.2804565429688,311.31829833984375,1],"zoom":1,"fov":35,"aspect":1.6963350785340314,"near":4,"far":10000},"controlsCenter":{"x":90.24803882507325,"y":1.4295823292692842,"z":-3.1464422670574144}},"stage":{"metadata":{"version":4.3,"type":"Object","generator":"ObjectExporter"},"geometries":[{"uuid":"D25B5999-E9E9-4FD3-955A-096D50938AB1","type":"Geometry","data":{"vertices":[-10.355337721290377,-10.355337721290377,-24.999998230487233,10.355337721290377,-10.355337721290377,-24.999998230487233,10.355337721290377,-10.355337721290377,-24.999998230487233,10.355337721290377,10.355337721290377,-24.999998230487233,10.355337721290377,10.355337721290377,-24.999998230487233,-10.355337721290377,10.355337721290377,-24.999998230487233,-10.355337721290377,10.355337721290377,-24.999998230487233,-10.355337721290377,-10.355337721290377,-24.999998230487233,-2071.07120904502,-2071.07120904502,-5000.008493676309,2071.07120904502,-2071.07120904502,-5000.008493676309,2071.07120904502,-2071.07120904502,-5000.008493676309,2071.07120904502,2071.07120904502,-5000.008493676309,2071.07120904502,2071.07120904502,-5000.008493676309,-2071.07120904502,2071.07120904502,-5000.008493676309,-2071.07120904502,2071.07120904502,-5000.008493676309,-2071.07120904502,-2071.07120904502,-5000.008493676309,-10.355337721290377,-10.355337721290377,-24.999998230487233,-2071.07120904502,-2071.07120904502,-5000.008493676309,10.355337721290377,-10.355337721290377,-24.999998230487233,2071.07120904502,-2071.07120904502,-5000.008493676309,-10.355337721290377,10.355337721290377,-24.999998230487233,-2071.07120904502,2071.07120904502,-5000.008493676309,10.355337721290377,10.355337721290377,-24.999998230487233,2071.07120904502,2071.07120904502,-5000.008493676309,0,0,0,-10.355337721290377,-10.355337721290377,-24.999998230487233,0,0,0,10.355337721290377,-10.355337721290377,-24.999998230487233,0,0,0,-10.355337721290377,10.355337721290377,-24.999998230487233,0,0,0,10.355337721290377,10.355337721290377,-24.999998230487233,7.248736404903264,11.390871493419416,-24.999998230487233,-7.248736404903264,11.390871493419416,-24.999998230487233,-7.248736404903264,11.390871493419416,-24.999998230487233,0,20.710675442580754,-24.999998230487233,0,20.710675442580754,-24.999998230487233,7.248736404903264,11.390871493419416,-24.999998230487233,0,0,-24.999998230487233,0,0,-5000.008493676309,0,0,0,0,0,-24.999998230487233,-10.355337721290377,0,-24.999998230487233,10.355337721290377,0,-24.999998230487233,0,-10.355337721290377,-24.999998230487233,0,10.355337721290377,-24.999998230487233,-2071.07120904502,0,-5000.008493676309,2071.07120904502,0,-5000.008493676309,0,-2071.07120904502,-5000.008493676309,0,2071.07120904502,-5000.008493676309],"normals":[],"faces":[]}},{"uuid":"39B38EB3-8FAD-4BA2-B9F8-D79CA4D70EF3","type":"PlaneBufferGeometry","width":10000,"height":10000},{"uuid":"8C53DC01-3B2E-4947-B326-D52E13C005FB","type":"BoxGeometry","width":297,"height":210,"depth":0.2,"widthSegments":450,"heightSegments":1,"depthSegments":1},{"uuid":"2FDF2C65-14E2-4253-9BD6-E3E79D72F190","type":"BoxGeometry","width":297,"height":210,"depth":0.2,"widthSegments":450,"heightSegments":1,"depthSegments":1}],"materials":[{"uuid":"5891E7E6-3850-4944-9026-81D5FF54DC96","type":"LineBasicMaterial","color":16777215,"vertexColors":1},{"uuid":"4B2A4989-5855-4939-808A-0306C291F7F7","type":"MeshPhongMaterial","color":16777215,"emissive":0,"specular":1118481,"shininess":15},{"uuid":"CB12C675-0655-4C45-9392-2CFA22244F83","type":"MultiMaterial","materials":[{"metadata":{"version":4.4,"type":"Material","generator":"Material.toJSON"},"uuid":"2451B05C-AA1B-4E48-96DD-603FBF96818B","type":"MeshPhongMaterial","color":16777215,"emissive":0,"specular":1118481,"shininess":15},{"metadata":{"version":4.4,"type":"Material","generator":"Material.toJSON"},"uuid":"2451B05C-AA1B-4E48-96DD-603FBF96818B","type":"MeshPhongMaterial","color":16777215,"emissive":0,"specular":1118481,"shininess":15},{"metadata":{"version":4.4,"type":"Material","generator":"Material.toJSON"},"uuid":"2451B05C-AA1B-4E48-96DD-603FBF96818B","type":"MeshPhongMaterial","color":16777215,"emissive":0,"specular":1118481,"shininess":15},{"metadata":{"version":4.4,"type":"Material","generator":"Material.toJSON"},"uuid":"2451B05C-AA1B-4E48-96DD-603FBF96818B","type":"MeshPhongMaterial","color":16777215,"emissive":0,"specular":1118481,"shininess":15},{"metadata":{"version":4.4,"type":"Material","generator":"Material.toJSON"},"uuid":"7D208AF8-F480-483D-91C5-F3733E31DF3F","type":"MeshPhongMaterial","color":16777215,"emissive":0,"specular":1118481,"shininess":15},{"metadata":{"version":4.4,"type":"Material","generator":"Material.toJSON"},"uuid":"C5FFA072-72A3-4303-8CBF-08AF9816897C","type":"MeshPhongMaterial","color":16777215,"emissive":0,"specular":1118481,"shininess":15}],"visible":true}],"object":{"uuid":"752FB5AB-CD33-4D04-9F21-D1A3DFB66638","type":"Stage","height":888,"width":934,"matrix":[1,0,0,0,0,1,0,0,0,0,1,0,0,0,0,1],"children":[{"uuid":"B2B601BA-6897-43F6-B6CF-0FFA0E2950C8","type":"AmbientLight","color":8355711,"matrix":[1,0,0,0,0,1,0,0,0,0,1,0,0,0,0,1]},{"uuid":"E9A80909-1DE7-49A3-89EF-6CFFBAF87BD6","type":"SpotLight","radius":1000,"color":16777215,"intensity":0.6,"distance":5000,"angle":1.0471975511965976,"exponent":10,"decay":1,"matrix":[0.42261824011802673,4.367028405560802e-10,-0.9063078165054321,0,0.6408563852310181,0.7071067690849304,0.29883623123168945,0,0.6408563852310181,-0.7071067690849304,0.29883623123168945,0,-906.3078002929688,1000,-422.6182556152344,1]},{"uuid":"74797129-80B8-4321-91AC-94B1FC5F99E3","type":"LineSegments","visible":false,"geometry":"D25B5999-E9E9-4FD3-955A-096D50938AB1","material":"5891E7E6-3850-4944-9026-81D5FF54DC96","matrix":[-0.42261824011802673,-4.3688683781795135e-9,0.9063078165054321,0,0.6408563852310181,0.7071067690849304,0.29883623123168945,0,-0.6408563852310181,0.7071067690849304,-0.29883623123168945,0,-906.3078002929688,1000,-422.6182556152344,1]},{"uuid":"E40428AC-69C7-4749-80BB-14A7D1B7F0B0","type":"Ground","height":10000,"width":10000,"depth":0.2,"segments":150,"folds":1,"shininess":15,"bumpScale":0.1,"stiffness":0.02,"heightScale":1,"widthScale":1,"frontImage":"images/textures/ground.png","textureRepeat":50,"geometry":"39B38EB3-8FAD-4BA2-B9F8-D79CA4D70EF3","material":"4B2A4989-5855-4939-808A-0306C291F7F7","matrix":[1,0,0,0,0,2.220446049250313e-16,-1,0,0,1,2.220446049250313e-16,0,0,-1,0,1]},{"uuid":"F169BC06-D290-4D88-A561-178D384FEAB8","type":"TriFold","subType":"menua4","height":210,"width":297,"depth":0.2,"segments":150,"folds":3,"angles":[0,0,0,0,0,0],"shininess":15,"bumpScale":0.4,"stiffness":0.02,"heightScale":1,"widthScale":1,"frontImage":"images/textures/trifold-in.png","backImage":"images/textures/trifold-out.png","frontBump":"images/textures/trifold-bump-in.png","geometry":"8C53DC01-3B2E-4947-B326-D52E13C005FB","material":"CB12C675-0655-4C45-9392-2CFA22244F83","matrix":[-1,1.2246468525851679e-16,2.465190328815662e-32,0,0,2.220446049250313e-16,-1,0,-1.2246468525851679e-16,-1,-2.220446049250313e-16,0,0,0.4723929762840271,0,1]},{"uuid":"74E9B7DC-75BC-43DA-BE02-AF2C86961908","type":"TriFold","subType":"menua4","height":210,"width":297,"depth":0.2,"segments":150,"folds":3,"angles":[0,150,0,0,45,0],"shininess":15,"bumpScale":0.4,"stiffness":0.02,"heightScale":1,"widthScale":1,"frontImage":"images/textures/trifold-in.png","backImage":"images/textures/trifold-out.png","frontBump":"images/textures/trifold-bump-in.png",