{"project":{"vr":false,"lightIntensity":0.6,"lightHeight":1000,"lightRadius":1000,"lightPosition":205,"shadowDarkness":0.55,"ambient":0.5},"camera":{"metadata":{"version":4.4,"type":"Object","generator":"Object3D.toJSON"},"object":{"uuid":"C180F7B8-E4C6-42B9-B8C8-529607057101","type":"PerspectiveCamera","matrix":[0.9870741963386536,-5.449737550122791e-9,0.1602640450000763,0,0.15560221672058105,0.23943854868412018,-0.9583616852760315,0,-0.03837338462471962,0.9709115028381348,0.2363436073064804,0,99.23294830322266,631.8243408203125,172.14234924316406,1],"zoom":1,"fov":35,"aspect":1.6963350785340314,"near":4,"far":10000},"controlsCenter":{"x":123.71329517808825,"y":12.430162467601361,"z":21.366688792344636}},"stage":{"metadata":{"version":4.3,"type":"Object","generator":"ObjectExporter"},"geometries":[{"uuid":"D25B5999-E9E9-4FD3-955A-096D50938AB1","type":"Geometry","data":{"vertices":[-10.355337721290377,-10.355337721290377,-24.999998230487233,10.355337721290377,-10.355337721290377,-24.999998230487233,10.355337721290377,-10.355337721290377,-24.999998230487233,10.355337721290377,10.355337721290377,-24.999998230487233,10.355337721290377,10.355337721290377,-24.999998230487233,-10.355337721290377,10.355337721290377,-24.999998230487233,-10.355337721290377,10.355337721290377,-24.999998230487233,-10.355337721290377,-10.355337721290377,-24.999998230487233,-2071.07120904502,-2071.07120904502,-5000.008493676309,2071.07120904502,-2071.07120904502,-5000.008493676309,2071.07120904502,-2071.07120904502,-5000.008493676309,2071.07120904502,2071.07120904502,-5000.008493676309,2071.07120904502,2071.07120904502,-5000.008493676309,-2071.07120904502,2071.07120904502,-5000.008493676309,-2071.07120904502,2071.07120904502,-5000.008493676309,-2071.07120904502,-2071.07120904502,-5000.008493676309,-10.355337721290377,-10.355337721290377,-24.999998230487233,-2071.07120904502,-2071.07120904502,-5000.008493676309,10.355337721290377,-10.355337721290377,-24.999998230487233,2071.07120904502,-2071.07120904502,-5000.008493676309,-10.355337721290377,10.355337721290377,-24.999998230487233,-2071.07120904502,2071.07120904502,-5000.008493676309,10.355337721290377,10.355337721290377,-24.999998230487233,2071.07120904502,2071.07120904502,-5000.008493676309,0,0,0,-10.355337721290377,-10.355337721290377,-24.999998230487233,0,0,0,10.355337721290377,-10.355337721290377,-24.999998230487233,0,0,0,-10.355337721290377,10.355337721290377,-24.999998230487233,0,0,0,10.355337721290377,10.355337721290377,-24.999998230487233,7.248736404903264,11.390871493419416,-24.999998230487233,-7.248736404903264,11.390871493419416,-24.999998230487233,-7.248736404903264,11.390871493419416,-24.999998230487233,0,20.710675442580754,-24.999998230487233,0,20.710675442580754,-24.999998230487233,7.248736404903264,11.390871493419416,-24.999998230487233,0,0,-24.999998230487233,0,0,-5000.008493676309,0,0,0,0,0,-24.999998230487233,-10.355337721290377,0,-24.999998230487233,10.355337721290377,0,-24.999998230487233,0,-10.355337721290377,-24.999998230487233,0,10.355337721290377,-24.999998230487233,-2071.07120904502,0,-5000.008493676309,2071.07120904502,0,-5000.008493676309,0,-2071.07120904502,-5000.008493676309,0,2071.07120904502,-5000.008493676309],"normals":[],"faces":[]}},{"uuid":"CA6892F2-5C49-41A2-96D1-E9A012638996","type":"PlaneBufferGeometry","width":10000,"height":10000},{"uuid":"A6BBFD96-6412-4595-8E47-39DB804111FC","type":"BoxGeometry","width":297,"height":210,"depth":0.2,"widthSegments":450,"heightSegments":1,"depthSegments":1},{"uuid":"A6E376DD-34F7-4D81-8C54-18D52B748AF2","type":"BoxGeometry","width":297,"height":210,"depth":0.2,"widthSegments":450,"heightSegments":1,"depthSegments":1},{"uuid":"1A03D38B-407C-4794-8FC9-24C7FD4C5B08","type":"BoxGeometry","width":297,"height":210,"depth":0.2,"widthSegments":450,"heightSegments":1,"depthSegments":1}],"materials":[{"uuid":"5891E7E6-3850-4944-9026-81D5FF54DC96","type":"LineBasicMaterial","color":16777215,"vertexColors":1},{"uuid":"52B28753-E42F-43A2-B811-1591D9CA19B5","type":"MeshPhongMaterial","color":16777215,"emissive":0,"specular":1118481,"shininess":15},{"uuid":"CA9F470D-4456-4F00-A12D-E80F6ABDDE49","type":"MultiMaterial","materials":[{"metadata":{"version":4.4,"type":"Material","generator":"Material.toJSON"},"uuid":"9BEF659C-3B59-4829-AB46-5DF26AADEF1D","type":"MeshPhongMaterial","color":16777215,"emissive":0,"specular":1118481,"shininess":15},{"metadata":{"version":4.4,"type":"Material","generator":"Material.toJSON"},"uuid":"9BEF659C-3B59-4829-AB46-5DF26AADEF1D","type":"MeshPhongMaterial","color":16777215,"emissive":0,"specular":1118481,"shininess":15},{"metadata":{"version":4.4,"type":"Material","generator":"Material.toJSON"},"uuid":"9BEF659C-3B59-4829-AB46-5DF26AADEF1D","type":"MeshPhongMaterial","color":16777215,"emissive":0,"specular":1118481,"shininess":15},{"metadata":{"version":4.4,"type":"Material","generator":"Material.toJSON"},"uuid":"9BEF659C-3B59-4829-AB46-5DF26AADEF1D","type":"MeshPhongMaterial","color":16777215,"emissive":0,"specular":1118481,"shininess":15},{"metadata":{"version":4.4,"type":"Material","generator":"Material.toJSON"},"uuid":"4DA22553-5A0D-4E86-80E7-72DD962E147B","type":"MeshPhongMaterial","color":16777215,"emissive":0,"specular":1118481,"shininess":15},{"metadata":{"version":4.4,"type":"Material","generator":"Material.toJSON"},"uuid":"3294A5AF-FE70-42F1-9A51-66AD693A4398","type":"MeshPhongMaterial","color":16777215,"emissive":0,"specular":1118481,"shininess":15}],"visible":true}],"object":{"uuid":"752FB5AB-CD33-4D04-9F21-D1A3DFB66638","type":"Stage","height":888,"width":934,"matrix":[1,0,0,0,0,1,0,0,0,0,1,0,0,0,0,1],"children":[{"uuid":"B2B601BA-6897-43F6-B6CF-0FFA0E2950C8","type":"AmbientLight","color":8355711,"matrix":[1,0,0,0,0,1,0,0,0,0,1,0,0,0,0,1]},{"uuid":"E9A80909-1DE7-49A3-89EF-6CFFBAF87BD6","type":"SpotLight","radius":1000,"color":16777215,"intensity":0.6,"distance":5000,"angle":1.0471975511965976,"exponent":10,"decay":1,"matrix":[0.42261824011802673,4.367028405560802e-10,-0.9063078165054321,0,0.6408563852310181,0.7071067690849304,0.29883623123168945,0,0.6408563852310181,-0.7071067690849304,0.29883623123168945,0,-906.3078002929688,1000,-422.6182556152344,1]},{"uuid":"74797129-80B8-4321-91AC-94B1FC5F99E3","type":"LineSegments","visible":false,"geometry":"D25B5999-E9E9-4FD3-955A-096D50938AB1","material":"5891E7E6-3850-4944-9026-81D5FF54DC96","matrix":[-0.42261824011802673,-4.3688683781795135e-9,0.9063078165054321,0,0.6408563852310181,0.7071067690849304,0.29883623123168945,0,-0.6408563852310181,0.7071067690849304,-0.29883623123168945,0,-906.3078002929688,1000,-422.6182556152344,1]},{"uuid":"E40428AC-69C7-4749-80BB-14A7D1B7F0B0","type":"Ground","height":10000,"width":10000,"depth":0.2,"segments":150,"folds":1,"shininess":15,"bumpScale":0.1,"stiffness":0.02,"heightScale":1,"widthScale":1,"frontImage":"images/textures/ground.png","textureRepeat":50,"geometry":"CA6892F2-5C49-41A2-96D1-E9A012638996","material":"52B28753-E42F-43A2-B811-1591D9CA19B5","matrix":[1,0,0,0,0,2.220446049250313e-16,-1,0,0,1,2.220446049250313e-16,0,0,-1,0,1]},{"uuid":"F169BC06-D290-4D88-A561-178D384FEAB8","type":"TriFold","subType":"menua4","height":210,"width":297,"depth":0.2,"segments":150,"folds":3,"angles":[0,22.5,0,0,22.729353381464822,0],"shininess":15,"bumpScale":0.4,"stiffness":0.02,"heightScale":1,"widthScale":1,"frontImage":"images/textures/trifold-in.png","backImage":"images/textures/trifold-out.png","frontBump":"images/textures/trifold-bump-in.png","geometry":"A6BBFD96-6412-4595-8E47-39DB804111FC","material":"CA9F470D-4456-4F00-A12D-E80F6ABDDE49","matrix":[1,0,0,0,0,2.220446049250313e-16,-1,0,0,1,2.220446049250313e-16,0,0,0,0,1]},{"uuid":"74E9B7DC-75BC-43DA-BE02-AF2C86961908","type":"TriFold","subType":"menua4","height":210,"width":297,"depth":0.2,"segments":150,"folds":3,"angles":[0,179,0,0,1,0],"shininess":15,"bumpScale":0.4,"stiffness":0.02,"heightScale":1,"widthScale":1,"frontImage":"images/textures/trifold-in.png",