{"project":{"vr":false,"lightIntensity":0.6,"lightHeight":1000,"lightRadius":1000,"lightPosition":310,"shadowDarkness":0.3,"ambient":0.5},"camera":{"metadata":{"version":4.4,"type":"Object","generator":"Object3D.toJSON"},"object":{"uuid":"61A63649-992B-47C2-A950-9E0226A84173","type":"PerspectiveCamera","matrix":[0.8846960067749023,5.143923509365322e-9,0.4661683738231659,0,0.4347609579563141,0.3608432412147522,-0.8250909447669983,0,-0.16821371018886566,0.932626485824585,0.3192365765571594,0,-0.8837842345237732,215.21975708007812,77.13374328613281,1],"zoom":1,"fov":35,"aspect":1.1909989023051593,"near":4,"far":10000},"controlsCenter":{"x":37.58610731273577,"y":1.9313237654678694,"z":4.125441960592368}},"stage":{"metadata":{"version":4.3,"type":"Object","generator":"ObjectExporter"},"geometries":[{"uuid":"B10F1C4F-4872-4753-984E-890531B2B35A","type":"Geometry","data":{"vertices":[-10.355337721290377,-10.355337721290377,-24.999998230487233,10.355337721290377,-10.355337721290377,-24.999998230487233,10.355337721290377,-10.355337721290377,-24.999998230487233,10.355337721290377,10.355337721290377,-24.999998230487233,10.355337721290377,10.355337721290377,-24.999998230487233,-10.355337721290377,10.355337721290377,-24.999998230487233,-10.355337721290377,10.355337721290377,-24.999998230487233,-10.355337721290377,-10.355337721290377,-24.999998230487233,-2071.07120904502,-2071.07120904502,-5000.008493676309,2071.07120904502,-2071.07120904502,-5000.008493676309,2071.07120904502,-2071.07120904502,-5000.008493676309,2071.07120904502,2071.07120904502,-5000.008493676309,2071.07120904502,2071.07120904502,-5000.008493676309,-2071.07120904502,2071.07120904502,-5000.008493676309,-2071.07120904502,2071.07120904502,-5000.008493676309,-2071.07120904502,-2071.07120904502,-5000.008493676309,-10.355337721290377,-10.355337721290377,-24.999998230487233,-2071.07120904502,-2071.07120904502,-5000.008493676309,10.355337721290377,-10.355337721290377,-24.999998230487233,2071.07120904502,-2071.07120904502,-5000.008493676309,-10.355337721290377,10.355337721290377,-24.999998230487233,-2071.07120904502,2071.07120904502,-5000.008493676309,10.355337721290377,10.355337721290377,-24.999998230487233,2071.07120904502,2071.07120904502,-5000.008493676309,0,0,0,-10.355337721290377,-10.355337721290377,-24.999998230487233,0,0,0,10.355337721290377,-10.355337721290377,-24.999998230487233,0,0,0,-10.355337721290377,10.355337721290377,-24.999998230487233,0,0,0,10.355337721290377,10.355337721290377,-24.999998230487233,7.248736404903264,11.390871493419416,-24.999998230487233,-7.248736404903264,11.390871493419416,-24.999998230487233,-7.248736404903264,11.390871493419416,-24.999998230487233,0,20.710675442580754,-24.999998230487233,0,20.710675442580754,-24.999998230487233,7.248736404903264,11.390871493419416,-24.999998230487233,0,0,-24.999998230487233,0,0,-5000.008493676309,0,0,0,0,0,-24.999998230487233,-10.355337721290377,0,-24.999998230487233,10.355337721290377,0,-24.999998230487233,0,-10.355337721290377,-24.999998230487233,0,10.355337721290377,-24.999998230487233,-2071.07120904502,0,-5000.008493676309,2071.07120904502,0,-5000.008493676309,0,-2071.07120904502,-5000.008493676309,0,2071.07120904502,-5000.008493676309],"normals":[],"faces":[]}},{"uuid":"F16E52E1-7920-4D58-ACA0-C862629F0123","type":"PlaneBufferGeometry","width":10000,"height":10000},{"uuid":"36CA31A4-D666-4B99-BB3B-A041435BA894","type":"BoxGeometry","width":49.312847444422864,"height":73.9692711666343,"depth":1,"widthSegments":1,"heightSegments":1,"depthSegments":1},{"uuid":"388E7767-EF52-4BAA-907B-7DF4E209C7D8","type":"BoxGeometry","width":49.312847444422864,"height":73.9692711666343,"depth":1,"widthSegments":1,"heightSegments":1,"depthSegments":1},{"uuid":"0D93AB87-04EE-4EA6-9D75-803CDCC74316","type":"BoxGeometry","width":49.312847444422864,"height":73.9692711666343,"depth":1,"widthSegments":1,"heightSegments":1,"depthSegments":1}],"materials":[{"uuid":"2311BE20-3F58-4575-B371-29BABB5F3BAD","type":"LineBasicMaterial","color":16777215,"vertexColors":1},{"uuid":"082DE6B5-F153-435F-8B65-4F8BF16A1F40","type":"MeshPhongMaterial","color":16777215,"emissive":0,"specular":1118481,"shininess":15},{"uuid":"710E8392-2F87-4C0E-B7E6-3D30B4C7FAB2","type":"MultiMaterial","materials":[{"metadata":{"version":4.4,"type":"Material","generator":"Material.toJSON"},"uuid":"3E1C5E6F-A179-4A71-A848-1049CEE96D01","type":"MeshPhongMaterial","color":16777215,"emissive":0,"specular":1118481,"shininess":0},{"metadata":{"version":4.4,"type":"Material","generator":"Material.toJSON"},"uuid":"3E1C5E6F-A179-4A71-A848-1049CEE96D01","type":"MeshPhongMaterial","color":16777215,"emissive":0,"specular":1118481,"shininess":0},{"metadata":{"version":4.4,"type":"Material","generator":"Material.toJSON"},"uuid":"3E1C5E6F-A179-4A71-A848-1049CEE96D01","type":"MeshPhongMaterial","color":16777215,"emissive":0,"specular":1118481,"shininess":0},{"metadata":{"version":4.4,"type":"Material","generator":"Material.toJSON"},"uuid":"3E1C5E6F-A179-4A71-A848-1049CEE96D01","type":"MeshPhongMaterial","color":16777215,"emissive":0,"specular":1118481,"shininess":0},{"metadata":{"version":4.4,"type":"Material","generator":"Material.toJSON"},"uuid":"9C70BD28-F0C4-46D1-BE85-C892BF7D26CB","type":"MeshPhongMaterial","color":16777215,"emissive":0,"specular":1118481,"shininess":0},{"metadata":{"version":4.4,"type":"Material","generator":"Material.toJSON"},"uuid":"0DD43A19-A6D8-46B5-80A5-85554FE14A09","type":"MeshPhongMaterial","color":16777215,"emissive":0,"specular":1118481,"shininess":0}],"visible":true},{"uuid":"90359D98-AD24-4DE6-B3B7-5CB975B9046B","type":"MultiMaterial","materials":[{"metadata":{"version":4.4,"type":"Material","generator":"Material.toJSON"},"uuid":"B75C4759-5D9B-4707-A732-6CE6CBB56051","type":"MeshPhongMaterial","color":16777215,"emissive":0,"specular":1118481,"shininess":0},{"metadata":{"version":4.4,"type":"Material","generator":"Material.toJSON"},"uuid":"B75C4759-5D9B-4707-A732-6CE6CBB56051","type":"MeshPhongMaterial","color":16777215,"emissive":0,"specular":1118481,"shininess":0},{"metadata":{"version":4.4,"type":"Material","generator":"Material.toJSON"},"uuid":"B75C4759-5D9B-4707-A732-6CE6CBB56051","type":"MeshPhongMaterial","color":16777215,"emissive":0,"specular":1118481,"shininess":0},{"metadata":{"version":4.4,"type":"Material","generator":"Material.toJSON"},"uuid":"B75C4759-5D9B-4707-A732-6CE6CBB56051","type":"MeshPhongMaterial","color":16777215,"emissive":0,"specular":1118481,"shininess":0},{"metadata":{"version":4.4,"type":"Material","generator":"Material.toJSON"},"uuid":"2AB60ECA-2C5B-4759-9360-AFBC97D55FAB","type":"MeshPhongMaterial","color":16777215,"emissive":0,"specular":1118481,"shininess":0},{"metadata":{"version":4.4,"type":"Material","generator":"Material.toJSON"},"uuid":"55AFB9D2-27A3-4855-9507-18E58FEC7F81","type":"MeshPhongMaterial","color":16777215,"emissive":0,"specular":1118481,"shininess":0}],"visible":true},{"uuid":"0BE13027-1E0D-4FF3-ADBA-ECF691D3E803","type":"MultiMaterial","materials":[{"metadata":{"version":4.4,"type":"Material","generator":"Material.toJSON"},"uuid":"BA0EC576-1366-4F9B-9867-57B07329659F","type":"MeshPhongMaterial","color":16777215,"emissive":0,"specular":1118481,"shininess":0},{"metadata":{"version":4.4,"type":"Material","generator":"Material.toJSON"},"uuid":"BA0EC576-1366-4F9B-9867-57B07329659F","type":"MeshPhongMaterial","color":16777215,"emissive":0,"specular":1118481,"shininess":0},{"metadata":{"version":4.4,"type":"Material","generator":"Material.toJSON"},"uuid":"BA0EC576-1366-4F9B-9867-57B07329659F","type":"MeshPhongMaterial","color":16777215,"emissive":0,"specular":1118481,"shininess":0},{"metadata":{"version":4.4,"type":"Material","generator":"Material.toJSON"},"uuid":"BA0EC576-1366-4F9B-9867-57B07329659F","type":"MeshPhongMaterial","color":16777215,"emissive":0,"specular":1118481,"shininess":0},{"metadata":{"version":4.4,"type":"Material","generator":"Material.toJSON"},"uuid":"00280EBB-D665-4B65-A111-04935D5AF154",